insert into persona values
	('0000000', 'Nombre', null, 'Apellido', null, 'm', 'correo@servidor.com', 'Calle #123, Ciudad edo. Estado', '04XX-1234567', '02XX-1234567');
insert into usuario values
	('0000000', '81dc9bdb52d04dc20036dbd8313ed055', '81dc9bdb52d04dc20036dbd8313ed055', null, 1);



insert into sede values
	(default, 'Bailadores', '2009-03-03', '0000-0000000', 'Bailadores'),
	(default, 'Barinas', '2009-11-12', '0000-0000000', 'Barinas'),
	(default, 'Ejido', '2009-03-03', '0274-2210746', 'Av. Monseñor Duque, Ejido'),
	(default, 'El Vigía', '2013-01-01', '0000-0000000', 'El Vigía'),
	(default, 'Santa Juana', '2009-03-03', '0000-0000000', 'Sector Santa Juana, Mérida'),
	(default, 'Santa Lucía', '2010-09-25', '0000-0000000', 'Santa Lucía'),
	(default, 'Tucaní', '2009-03-03', '0000-0000000', 'Tucaní');
insert into area values
	(default, 'Tecnología'),
	(default, 'Ciencias Sociales'),
	(default, 'Ciencias Agricolas y Ambientales');
insert into carrera values
	('01', 'PNF Agroalimentación', 3), 
	('04', 'PNF Administración', 2), 
	('05', 'PNF Geociencias', 1), 
	('06', 'PNF Turismo', 2), 
	('07', 'PNF Contaduria', 2), 
	('08', 'PNF Fonoaudiología', 2), 
	('10', 'PNF Psicología Social', 2), 
	('09', 'PNF Seguridad Alimentaria Y Cultura Nutricional', 3), 
	('11', 'PNF Historia', 2), 
	('02', 'PNF Construcción Civil', 1), 
	('03', 'PNF Informática', 1);
insert into "carreraSede" values
	(default, '01', '3048184', '3'),
	(default, '02', '3767311', '3'),
	(default, '03', '10256095', '3'),
	(default, '04', '2287821', '3'),
	(default, '05', '2149217', '3'),
	(default, '06', '3910823', '3'),
	(default, '07', '3939687', '3'),
	(default, '08', '3661985', '3');
insert into estructura values
	(default, 'PNF Trimestral', ' { "periodos" : [ { "nombre" : "Trayecto inicial", "id" : "T0", "duracion" : "3", "subperiodos" : false }, { "nombre" : "Trayecto 1", "id" : "T1", "duracion" : false, "subperiodos" : [ { "nombre" : "Trimestre 1", "id" : "t1", "duracion" : "3" }, { "nombre" : "Trimestre 2", "id" : "t2", "duracion" : "3" }, { "nombre" : "Trimestre 3", "id" : "t3", "duracion" : "3" } ] }, { "nombre" : "Trayecto 2", "id" : "T2", "duracion" : false, "subperiodos" : [ { "nombre" : "Trimestre 1", "id" : "t1", "duracion" : "3" }, { "nombre" : "Trimestre 2", "id" : "t2", "duracion" : "3" }, { "nombre" : "Trimestre 3", "id" : "t3", "duracion" : "3" } ] }, { "nombre" : "Trayecto 3", "id" : "T3", "duracion" : false, "subperiodos" : [ { "nombre" : "Trimestre 1", "id" : "t1", "duracion" : "3" }, { "nombre" : "Trimestre 2", "id" : "t2", "duracion" : "3" }, { "nombre" : "Trimestre 3", "id" : "t3", "duracion" : "3" } ] }, { "nombre" : "Trayecto 4", "id" : "T4", "duracion" : false, "subperiodos" : [ { "nombre" : "Trimestre 1", "id" : "t1", "duracion" : "3" }, { "nombre" : "Trimestre 2", "id" : "t2", "duracion" : "3" }, { "nombre" : "Trimestre 3", "id" : "t3", "duracion" : "3" } ] } ] } ');
insert into "estructuraCS" values
	(default, '3', '1');
insert into eje values
	(default, 'Acreditable'), 
	(default, 'Profesional'), 
	(default, 'Proyecto'), 
	(default, 'Socio Ambiental'), 
	(default, 'Socio Crítico');
insert into "unidadCurricular" values
	('AGAGE242', 'Agroepistemología', false, '01', 5), 
	('AGANA262', 'Alimentación y Nutrición Animal Alternativa', false, '01', 2), 
	('AGATMA242', 'Aplicación de Técnicas y Metodologías Agroecologicas', false, '01', 2), 
	('AGATMA246', 'Técnicas y Metodologías Agroecologicas', false, '01', 2), 
	('AGBFSPV242', 'Botánica, Fisiología y Sistemas de Producción Vegetal', false, '01', 2), 
	('ADM6032', 'Administración de Mercadeo', false, '04', 2), 
	('AGANA342', 'Alimentación y Nutrición Animal Alternativa', false, '01', 2), 
	('AGANM342', 'Análisis Matemático', false, '01', 2), 
	('AGANM362', 'Análisis Matemático', false, '01', 2), 
	('AGGAE342', 'Gestión Agroecológica', false, '01', 2), 
	('AGGAE362', 'Gestión Agroecológica', false, '01', 2), 
	('AEPS6033', 'Electiva III: Adm de Empresas de Producción y Propiedad Soci', false, '04', 2), 
	('AGECC442', 'Ecoconstrucciones', false, '01', 2), 
	('AGPEP442', 'Pedagogía y Política', false, '01', 5), 
	('AGSPV262', 'Sistemas de Producción Vegetal', false, '01', 2), 
	('AGZFSPA242', 'Zoología, Fisiología y Sistemas de Producción Animal', false, '01', 2), 
	('COC9023', 'Contabilidad de Costos', false, '07', 2), 
	('CON12024', 'Contabilidad II', false, '04', 2), 
	('CON15025', 'Contabilidad II', false, '07', 2), 
	('CON9023', 'Contabilidad II', false, '04', 2), 
	('DCCTT2-1445', 'Desarrollo y Calidad de Vida de las Comunidades Turisticas', false, '06', 5), 
	('DIAGINAU-245', 'Diagnostico e Intervención Auditiva I', false, '08', 2), 
	('DIAGINHA-256', 'Diagnostico e Intervención del Habla', false, '08', 2), 
	('DIAGINLE-256', 'Diagnostico e Intervención del Lenguaje I', false, '08', 2), 
	('AGPFIII3126', 'Proyecto Formativo III', false, '01', 3), 
	('AGPFIII3166', 'Proyecto Formativo III', false, '01', 3), 
	('AGPSLC342', 'Pensamiento Sociopolítico Latinoamericano y del Caribe', false, '01', 5), 
	('AGSPA262', 'Sistemas de Producción Animal', false, '01', 2), 
	('AUD9033', 'Auditoria I', false, '07', 2), 
	('DAR9033', 'Deporte Arte y Recreación II', false, '04', 2), 
	('DEPORECR-322', 'Deporte y Recreacion', false, '08', 2), 
	('DIAGINAU-345', 'Diagnostico e Intervención Auditiva II', false, '08', 2), 
	('DIAGINLE-345', 'Diagnostico e Intervención del Lenguaje II', false, '08', 2), 
	('DIAGINVO-345', 'Diagnostico e Intervención de la Voz I', false, '08', 2), 
	('AGPFIV41', 'Proyecto Formativo IV', false, '01', 3), 
	('AGPFIV4166', 'Proyecto Formativo IV', false, '01', 3), 
	('AGSCSNI442', 'Sistemas de Certificación Social Nacional e Internacional', false, '01', 2), 
	('APUALC15045', 'Adm en los Procesos de Unidad de América Latina el Caribe', false, '04', 5), 
	('AUD9043', 'Auditoria II', false, '07', 2), 
	('COE9043', 'Contabilidad Especializada', false, '07', 2), 
	('DIAGINAU-457', 'Diagnostico e Intervención Auditiva III', false, '08', 2), 
	('DIAGINVO-447', 'Diagnostico e Intervención de la Voz II', false, '08', 2), 
	('ELEC19023', 'Electiva I', false, '04', 2), 
	('ELEC29023', 'Electiva II', false, '04', 2), 
	('ELECTIVA-222', 'Electiva II', false, '08', 2), 
	('ESMD15025', 'Economía, Sustentabilidad y Modelos de Desarrollo', false, '04', 5), 
	('FSC18026', 'Formación Socio Critica II', false, '04', 5), 
	('IDIOT2-2167', 'Idiomas II', false, '06', 2), 
	('NEUROLIN-245', 'Neurolinguistica', false, '08', 2), 
	('OUPST2-61220', 'Oper. Unidades Prod. Social y Facilitación de Serv. Turist.', false, '06', 3), 
	('OYS9023', 'Organización y Sistemas', false, '04', 2), 
	('PATOCOHU-256', 'Patología de la Comunicación Humana', false, '08', 2), 
	('DSRST3-1445', 'Des. Sustentable y Sost. de los Recursos y Serv. Tur.', false, '06', 5), 
	('DTCST3-61220', 'Desarrollo del Turismo Comunitario y Social', false, '06', 3), 
	('ELECTIVA-322', 'Electiva III', false, '08', 2), 
	('FEVP001', 'Formulación y Evaluación de Proyectos', false, '07', 2), 
	('FSC18036', 'Formación Socio Critica III', false, '04', 5), 
	('GDTUT3-2167', 'Gestión de Destinos Turísticos', false, '06', 2), 
	('GEC9033', 'Gerencia de Costos', false, '07', 2), 
	('GEF9033', 'Gestión Financiera', false, '07', 2), 
	('IDI9033', 'Idiomas II', false, '04', 2), 
	('IDIOT3-28810', 'Idiomas III', false, '06', 2), 
	('ING9033', 'Ingles II', false, '04', 2), 
	('MOTRORAL-334', 'Motricidad Oral', false, '08', 2), 
	('EDUCAMBI-434', 'Educación Ambiental', false, '08', 2), 
	('ELEC39043', 'Electiva III', false, '04', 2), 
	('ELEC49043', 'Electiva IV', false, '04', 2), 
	('ELECTIVA-422', 'Electiva IV', false, '08', 2), 
	('ETCAT4-1806', 'Estudios del Turismo en el Gran Caribe y los Paises del Alba', false, '06', 5), 
	('FEP9043', 'Formulación y Evaluación de Proyectos', false, '04', 2), 
	('FSC18046', 'Formación Socio Critica IV', false, '04', 5), 
	('GEPTT4-61220', 'Gestión de Proyectos Turisticos', false, '06', 3), 
	('GESTADFO-457', 'Gestión Administrativa en Fonoaudiología', false, '08', 2), 
	('GHAT9043', 'Gestión Humana y Ambiente de Trabajo', false, '07', 2), 
	('IDIOT4-2167', 'Idiomas IV', false, '06', 2), 
	('PCC211409', 'Tutoria de Proyecto II', false, '02', 3), 
	('PCC223309', 'Administración de Obras', false, '02', 2), 
	('PCEP9023', 'Presupuesto y Contabilidad Para Entes Públicos', false, '07', 2), 
	('PCC311409', 'Tutoria de Proyecto III', false, '02', 3), 
	('PCC325309', 'Diseño Vial', false, '02', 2), 
	('PCC411409', 'Tutoria de Proyecto IV', false, '02', 3), 
	('PGT21', 'Petrología', false, '05', 2), 
	('PGT23', 'Física', false, '05', 2), 
	('PG316', 'Proyecto III', false, '05', 3), 
	('PGT31', 'Yacimientos Minerales', false, '05', 2), 
	('PGT32', 'Exploracion', false, '05', 2), 
	('PGT33', 'Geomecanica', false, '05', 2), 
	('PGT34', 'Mineria II', false, '05', 2), 
	('PG416', 'Proyecto IV', false, '05', 3), 
	('PGT41', 'Geología de Venezuela', false, '05', 2), 
	('PGT42', 'Geología de los Hidrocarburos', false, '05', 2), 
	('PGT43', 'Hidrología', false, '05', 2), 
	('PGT44', 'Beneficio Mineral', false, '05', 2), 
	('PGT45', 'Gerencia', false, '05', 2), 
	('PGT46', 'Electiva II', false, '05', 2), 
	('PGT47', 'Proyecto IV', false, '05', 3), 
	('PRACPROF-2120', 'Practicas Profesionales I', false, '08', 2), 
	('PRO57019', 'Supervisión y Conducción Técnica de Procesos Adm.', false, '04', 3), 
	('DAR9013', 'Deporte Arte y Recreación I', false, '04', 2), 
	('PRO700224', 'Supervisión y Conducción Técnica de Procesos Adm.', false, '04', 3), 
	('PPR9033', 'Presupuesto Privado', false, '07', 2), 
	('PRACPROF-3120', 'Practicas Profesionales II', false, '08', 2), 
	('PROYSOCI-334', 'Proyecto Sociointegrador III', false, '08', 3), 
	('PSICOMOT-323', 'Psicomotricidad', false, '08', 2), 
	('PORTINST-434', 'Portugues Instrumental', false, '08', 2), 
	('PRACPROF-41216', 'Practicas Profesionales III', false, '08', 2), 
	('PRO570419', 'Dirección, Control y Evaluación de Sistemas Adm', false, '04', 3), 
	('PRO660422', 'Desarrollo de Nuevas Tendencias en la Gestión Contable Finan', false, '07', 3), 
	('PRO700424', 'Dirección, Control y Evaluación de Sistemas Adm', false, '04', 3), 
	('PROYSOCI-479', 'Proyecto Sociointegrador IV', false, '08', 3), 
	('SALUOCFO-456', 'Salud Ocupacional en Fonoaudiología', false, '08', 2), 
	('SHDD9043', 'Seminario Habilidades Directivas II', false, '04', 2), 
	('AGBSD142', 'Biodiversidad y Sociodiversidad', false, '01', 2), 
	('AGPFI1126', 'Proyecto Formativo I', false, '01', 3), 
	('AGPFI1166', 'Proyecto Formativo I', false, '01', 3), 
	('AGPRA142', 'Principios de Agroecología', false, '01', 2), 
	('AGPRA162', 'Principios de Agroecología', false, '01', 2), 
	('AGSALC14', 'Sociohistoria de la Agricultura Latinoamer. y del Caribe', false, '01', 5), 
	('AGSALC142', 'Sociohistoria de la Agricultura Latinoamer. y del Caribe', false, '01', 5), 
	('APN15015', 'Administración Pública Nacional', false, '04', 5), 
	('BASEACCO-156', 'Bases Acusticas de la Comunicacion', false, '08', 2), 
	('BASEPRFO-156', 'Bases de la Practica Fonoaudiologica', false, '08', 2), 
	('CON12014', 'Contabilidad I', false, '04', 2), 
	('ELECTIVA-122', 'Electiva I', false, '08', 2), 
	('ESTRFUCO-156', 'Estructura y Función de la Comunicacion', false, '08', 2), 
	('FA12014', 'Fundamentos de la Administración', false, '04', 2), 
	('FONEFONO-134', 'Fonetica y Fonología', false, '08', 2), 
	('FPNTT1-61220', 'Fomento del Patrimonio Nacional y Turistico', false, '06', 3), 
	('IDI9013', 'Idiomas I', false, '04', 2), 
	('IDIOT1-2167', 'Idiomas I', false, '06', 2), 
	('ING9013', 'Ingles I', false, '04', 2), 
	('INGLINST-134', 'Ingles Instrumental', false, '08', 2), 
	('ORGAPACO-134', 'Organización y Participación Comunitaria', false, '08', 2), 
	('PANTT1-1445', 'Patrimonio Nacional y Turístico', false, '06', 5), 
	('PCC111409', 'Tutoria de Proyecto', false, '02', 3), 
	('PCC113309', 'Matematica', false, '02', 2), 
	('PCC115309', 'Topografia', false, '02', 2), 
	('PCC116309', 'Expresión Grafica y Dibujo de Proyecto', false, '02', 2), 
	('THAT9023', 'Talento Humano y Ambiente de Trabajo', false, '04', 2), 
	('TECNTEFO-456', 'Tecnicas y Tecnologías en Fonoaudiología', false, '08', 2), 
	('PG116', 'Proyecto I', false, '05', 3), 
	('PGT11', 'Matematica', false, '05', 2), 
	('PGT12', 'Topografia', false, '05', 2), 
	('PGT13', 'Quimica', false, '05', 2), 
	('PGT14', 'Geología General', false, '05', 2), 
	('PGT15', 'Dimensión Humana', false, '05', 5), 
	('PGT16', 'Acreditable I', false, '05', 1), 
	('PGT17', 'Proyecto I', false, '05', 3), 
	('PRO570119', 'Identificar y Conocer los Procesos Administrativos en Distin', false, '04', 3), 
	('PRO700124', 'Anál y Ejec de los Procesos Adm en las Distintas Organiz.', false, '04', 3), 
	('PROYSOCI-145', 'Proyecto Sociointegrador I', false, '08', 3), 
	('SEM15015', 'Orígen y Evolución del Sistema Socioeconómico Mundial', false, '07', 5), 
	('AGPFII2126', 'Proyecto Formativo II', false, '01', 3), 
	('AGPFII2166', 'Proyecto Formativo II', false, '01', 3), 
	('PG216', 'Proyecto II', false, '05', 3), 
	('PGT22', 'Cartografia Geologica', false, '05', 2), 
	('PGT24', 'Mineria I', false, '05', 2), 
	('PGT25', 'Estratigrafia', false, '05', 2), 
	('PGT26', 'Electiva I', false, '05', 2), 
	('PGT27', 'Proyecto II', false, '05', 3), 
	('PROYSOCI-234', 'Proyecto Sociointegrador II', false, '08', 3), 
	('RECUPSFO-245', 'Recursos Psicoterapeuticos en Fonoaudiología', false, '08', 2), 
	('SEV15025', 'Sistema Economico y Modelos de Desarrollo Venezolano', false, '07', 5), 
	('AGMSA342', 'Manejo Sanitario Animal', false, '01', 2), 
	('PGT35', 'Ambiente', false, '05', 2), 
	('PGT36', 'Acreditable II', false, '05', 1), 
	('PGT37', 'Proyecto III', false, '05', 3), 
	('PRO6604223', 'Electiva III', false, '07', 2), 
	('70002', 'Seminario Niif Para Pymes', false, '07', 2), 
	('AGFIAIP', 'Física Aplicada', false, '01', 2), 
	('70013', 'Electiva II', false, '07', 2), 
	('ACACT2', 'Actividades Acreditables II', false, '06', 1), 
	('ADC6022', 'Administración de Costos', false, '04', 2), 
	('ADETT2-722', 'Administración de Empresas Turisticas', false, '06', 2), 
	('AGAGC242', 'Agroclimatología ', false, '01', 2), 
	('AGDREV242', 'Diseminación y Reprod. de Especies Vegetales', false, '01', 2), 
	('AGDRV242', 'Diseminación y Reprod. de Especies Vegetales', false, '01', 2), 
	('AGDSRC142', 'Deporte, Salud, Recreación y Cultura', false, '01', 1), 
	('AGMCA242', 'Microbiología de los Alimentos', false, '01', 5), 
	('AGMCB262', 'Microbiología', false, '01', 5), 
	('AGMIC242', 'Microbiología ', false, '01', 2), 
	('AGORS242', 'Organizaciones Socioproductivas', false, '01', 5), 
	('70003', 'Deporte, Arte y Recreación II', false, '07', 2), 
	('AGETD362', 'Estadística', false, '01', 2), 
	('70006', 'Herramientas Tecnológicas II', false, '07', 2), 
	('70011', 'Ajuste Por Inflación Financiero', false, '07', 2), 
	('70012', 'Bases Epistemologicas de las Ciencias Contables I', false, '07', 2), 
	('ACACT3', 'Actividades Acreditables III', false, '06', 1), 
	('ADP6032', 'Administración de la Producción', false, '04', 2), 
	('ADP9033', 'Administración de la Producción', false, '04', 2), 
	('AEF9032', 'Análisis e Interpretación de Estados Financieros', false, '04', 2), 
	('AGAGR342', 'Agroestadística', false, '01', 2), 
	('AGAMI001', 'Metodología de la Investigación', false, '01', 1), 
	('AGEPS342', 'Economía Política y Social I', false, '01', 5), 
	('AGMEI362', 'Manejo Ecológico de Insectos y Enfermedades', false, '01', 5), 
	('ACACT4', 'Actividades Acreditables IV', false, '06', 1), 
	('ADF6042', 'Administración Financiera', false, '04', 2), 
	('AF6042', 'Administración Financiera', false, '04', 2), 
	('AGCTS442', 'Ciencia, Tecnología y Sociedad.', false, '01', 5), 
	('AGCTS462', 'Ciencia, Tecnología y Sociedad', false, '01', 5), 
	('AGECE442', 'Economía Ecológica', false, '01', 2), 
	('AGECR462', 'Ecorregiones', false, '01', 2), 
	('AGECR4C42', 'Ecorregiones', false, '01', 4), 
	('AGEPS442', 'Economía Política y Social II', false, '01', 5), 
	('AGFMP442', 'Fitomejoramiento Participativo', false, '01', 2), 
	('AGFMP462', 'Fitomejoramiento Participativo', false, '01', 2), 
	('AGHCA462', 'Higiene y Control de Calidad en los Alimentos', false, '01', 2), 
	('AGHCCA442', 'Higiene y Control de Calidad en los Alimentos', false, '01', 2), 
	('AGMAP442', 'Mejoramiento Animal Participativo', false, '01', 2), 
	('AGMAP46', 'Mejoramiento Animal Participativo', false, '01', 2), 
	('AGMEI442', 'Maquinarias, Equipos e Implementos Agrícolas Alternativos', false, '01', 2), 
	('AGPEP462', 'Pedagogía y Política', false, '01', 5), 
	('AGPN003', 'Proy. Nac. y Nueva Ciudadania', false, '01', 5), 
	('PCC000002', 'Mecánica Aplicada', false, '02', 2), 
	('AGPRAIP', 'Principios de Agroecología', false, '01', 2), 
	('AGTI002', 'Taller Introd. Univers. Progr.', false, '01', 5), 
	('CPNMS6002', 'La Contaduria Pública en el Nuevo Modelo Social', false, '07', 2), 
	('DEINTI-301', 'Desarrollo Integral', false, '06', 2), 
	('DI6002', 'Desarrollo Integral', false, '07', 2), 
	('DIE6002', 'Desarrollo Integral', false, '04', 2), 
	('AGREA242', 'Reproducción de Especies Animales ', false, '01', 2), 
	('AGREA262', 'Reproducción de Especies Animales', false, '01', 2), 
	('AGSC00', 'Servicio Comunitario', false, '01', 5), 
	('AGSEA242', 'Suelo, Ecología y Agricultura', false, '01', 2), 
	('AGSEA262', 'Suelo, Ecología y Agricultura', false, '01', 2), 
	('AGTCSI242', 'Topografía Catastro y Sistemas de Información Geográfica', false, '01', 2), 
	('AGTOG262', 'Topografía', false, '01', 2), 
	('AVTTT2-1084', 'Administración de Agencias de Viajes y Transporte Turistico', false, '06', 2), 
	('PCCP11309', 'Proyecto Nacional y Nueva Ciudadania', false, '02', 5), 
	('PCCP12209', 'Taller de Inducción a la Universidad y al Programa', false, '02', 5), 
	('PCCP13509', 'Matematica de Nivelacion', false, '02', 2), 
	('CGA9023', 'Electiva I: Calidad y Gestión Ambiental', false, '04', 2), 
	('AGSIP342', 'Sistemas Integrales de Producción', false, '01', 2), 
	('AGSRD342', 'Sistemas de Riego y Drenaje', false, '01', 2), 
	('AGSRD362', 'Sistemas de Riego y Drenaje', false, '01', 2), 
	('AGPLE442', 'Planificación Ecorregional', false, '01', 2), 
	('AGPLE462', 'Planificación Ecorregional', false, '01', 2), 
	('AGPSL362', 'Pensamiento Sociopolítico Latinoamericano y del Caribe', false, '01', 5), 
	('AGSIG462', 'Sistemas de Información Geográfica', false, '01', 2), 
	('AGSIP362', 'Sistemas Integrales de Producción', false, '01', 2), 
	('AIEF6042', 'Análisis e Interpretación de Estados Financieros', false, '04', 2), 
	('APAA3041', 'Auditoria Administrativa', false, '04', 2), 
	('COMET4-963', 'Comercio Electronico', false, '06', 2), 
	('COO6042', 'Comportamiento Organizacional', false, '07', 2), 
	('DEPTT4-963', 'Diseño y Evaluación de Proyectos Turisticos', false, '06', 2), 
	('DET6042', 'Dimensiones Eticas Aplicadas al Ejercicio Profesional', false, '07', 2), 
	('DETHT4-722', 'Desarrollo del Talento Humano', false, '06', 2), 
	('FISICAFO-03', 'Física', false, '08', 2), 
	('GRPC3001', 'Gestión de Riesgos y Protección Civil', false, '04', 2), 
	('HERTECFO-05', 'Herramientas Tecnologicas', false, '08', 2), 
	('IDIOTI-602', 'Idiomas', false, '06', 2), 
	('IDIOTT-48', 'Idiomas', false, '06', 2), 
	('INPNFOFO-05', 'Introducción al PNF en Fonoaudiología', false, '08', 2), 
	('IUTSTI-482', 'Intr. a la Univ. y el Turismo en el Nuevo Modelo Social', false, '06', 2), 
	('IUTSTT-36', 'Introducción a la Universidad y el Turismo', false, '06', 2), 
	('LECCOMFO-05', 'Lectura y Comprension', false, '08', 2), 
	('MA6002', 'Matematica', false, '04', 2), 
	('MATETI-963', 'Matematicas', false, '06', 2), 
	('PCC012209', 'Taller de Inducción a la Universidad Pol.', false, '02', 5), 
	('PCC013509', 'Matematica Inicial', false, '02', 2), 
	('PCC014209', 'Optativa Institucional', false, '02', 2), 
	('PCC015209', 'Construcción Civil y Sociedad', false, '02', 2), 
	('PCC011309', 'Proyecto Nacional y Nueva Ciudadania', false, '02', 5), 
	('PIMT005', 'Matematica', false, '01', 2), 
	('GABET2-843', 'Gestión de Alimentos y Bebidas', false, '06', 2), 
	('GEDAT2-1084', 'Gestión de Alojamiento', false, '06', 2), 
	('GORET2-722', 'Gestión de Ocio y Recreacion', false, '06', 2), 
	('LLS6022', 'Legislación Laboral y Seguridad Social', false, '07', 2), 
	('PG113', 'Quimica I', false, '05', 2), 
	('MLO0602', 'Marco Legal de las Organizaciones', false, '04', 2), 
	('OM6022', 'Organización y Métodos', false, '04', 2), 
	('FEP3031', 'Formulación y Evaluación de Proyecto', false, '04', 2), 
	('INMET3-963', 'Investigación de Mercados Emisores', false, '06', 2), 
	('MOTUT3-963', 'Modalidades Turísticas', false, '06', 2), 
	('FAPTT4-963', 'Factibilidad de Proyectos Turisticos', false, '06', 2), 
	('GFETT4-963', 'Gestión Financiera de las Empresas Turisticas', false, '06', 2), 
	('NETUT4-963', 'Negociación Turisticas', false, '06', 2), 
	('PCC117109', 'Salud Física', false, '02', 1), 
	('PCCP14209', 'Mecánica Aplicada', false, '02', 1), 
	('PCC133209', 'Gestión de Obras Sostenibles', false, '02', 2), 
	('PCC200', 'Servicio Comunitario', false, '02', 5), 
	('PCC211410', 'Participación Comunitaria', false, '02', 1), 
	('PCC212109', 'Higiene y Seguridad Industrial', false, '02', 5), 
	('PCC214109', 'Resistencia de Materiales', false, '02', 2), 
	('PCC217109', 'Idiomas', false, '02', 1), 
	('PCC222109', 'Impacto Ambiental en la Construccion', false, '02', 5), 
	('PCC224309', 'Tecnología de la Construccion', false, '02', 2), 
	('PCC225309', 'Mecánica de Suelos', false, '02', 2), 
	('PCC226209', 'Instalaciones Sanitarias y de Gas', false, '02', 2), 
	('PCC232109', 'Desarrollo Profesional y Etica', false, '02', 5), 
	('PCC234209', 'Electricidad y Mecánica', false, '02', 2), 
	('PCC235309', 'Obras Viales', false, '02', 2), 
	('PCC236209', 'Sistemas Hidrosanitarios', false, '02', 2), 
	('PCC237109', 'Electiva I', false, '02', 1), 
	('PCG3011', 'Contabilidad Gubernamental', false, '04', 2), 
	('PDF3012', 'Deberes Formales del Contribuyente II (islr)', false, '04', 2), 
	('PG211', 'Petrología', false, '05', 2), 
	('PCC312109', 'Desarrollo Endogeno en la Construccion', false, '02', 5), 
	('PCC313309', 'Algebra Lineal', false, '02', 2), 
	('PCC314309', 'Geometria Descriptiva', false, '02', 2), 
	('PCC315309', 'Geología Aplicada', false, '02', 2), 
	('PCC316309', 'Mecánica de los Fluidos Para Ingenieros', false, '02', 2), 
	('PCC322109', 'Organismos y Convenios Internacionales', false, '02', 5), 
	('PCC323309', 'Matematica Para Ingenieros', false, '02', 2), 
	('PCC324309', 'Analisis Estructural', false, '02', 2), 
	('PCC326309', 'Resistencia de Materiales Para Ingenieros', false, '02', 2), 
	('PCC332109', 'Politica de Habitat y Vivienda', false, '02', 5), 
	('PCC333309', 'Economia y Gerencia de Proyectos', false, '02', 2), 
	('PCC334309', 'Concreto Armado', false, '02', 2), 
	('PCC336309', 'Hidrología', false, '02', 2), 
	('PCC416309', 'Acueductos de Cloacas y Drenajes', false, '02', 2), 
	('PCC412109', 'Ingenieria y Patrimonio ', false, '02', 5), 
	('PCC413309', 'Urbanismos y Edificaciones', false, '02', 2), 
	('PCC415309', 'Ingenieria de Transito', false, '02', 2), 
	('PCC422109', 'Gerencia Social', false, '02', 5), 
	('PCC424309', 'Diseño Estructural', false, '02', 2), 
	('PCC425309', 'Pavimentos', false, '02', 2), 
	('PCC426309', 'Saneamientos y Conservación Ambiental', false, '02', 2), 
	('PCC432109', 'Evaluación Ambiental', false, '02', 5), 
	('PCC434309', 'Fundaciones y Muros', false, '02', 2), 
	('PGTI1', 'Matematica Inical', false, '05', 2), 
	('PGTI2', 'Proyecto Nacional y Nueva Ciudadania', false, '05', 5), 
	('PGTI3', 'Introducción a la Universidad Politecnica y PNF', false, '05', 2), 
	('PGTI4', 'Introducción a los Proyectos y al PNF', false, '05', 5), 
	('PGTI5', 'Educación Física', false, '05', 2), 
	('PGTT1', 'Matematica III', false, '05', 2), 
	('PGTT2', 'Inducción a la Geociencias', false, '05', 2), 
	('PGTT3', 'Proyecto Nacional y Nueva Ciudadania Int Univ. Pol. y PNF', false, '05', 5), 
	('PGTT4', 'Principios de Física y Mecánica', false, '05', 2), 
	('PG221', 'Sedimentología', false, '05', 2), 
	('PG222', 'Geomorfología y Teledetección', false, '05', 2), 
	('PG223', 'Física Aplicada', false, '05', 2), 
	('PG224', 'Minería I', false, '05', 2), 
	('PG225', 'Soberanía Política e Independencia Económica II', false, '05', 5), 
	('PG231', 'Estratigrafía', false, '05', 2), 
	('PG232', 'Geología de Campo', false, '05', 2), 
	('PG233', 'Mecánica Racional', false, '05', 2), 
	('PG234', 'Minería II', false, '05', 2), 
	('PG235', 'Políticas Energeticas', false, '05', 5), 
	('PG311', 'Estadistica', false, '05', 2), 
	('PG312', 'Mecánica de Fluidos', false, '05', 2), 
	('PG313', 'Resistencia de Materiales', false, '05', 2), 
	('PG314', 'Servicio de Minas', false, '05', 2), 
	('PG315', 'Ciencia y Tecnología I', false, '05', 5), 
	('PG321', 'Geología de Yacimientos', false, '05', 2), 
	('PG322', 'Hidrología', false, '05', 2), 
	('PG323', 'Mecánica de Rocas y Suelos', false, '05', 2), 
	('PG324', 'Diseño de Sistemas Mineros', false, '05', 2), 
	('PG325', 'Ciencia y Tecnología II', false, '05', 5), 
	('PG331', 'Evaluación de Yacimientos', false, '05', 2), 
	('PG332', 'Hidrogeología', false, '05', 2), 
	('PG333', 'Geotécnia', false, '05', 2), 
	('PG334', 'Legislación Minera y Petrolera', false, '05', 2), 
	('PG335', 'Lógica Dialectica', false, '05', 5), 
	('PG411', 'Geología Histórica', false, '05', 2), 
	('PG412', 'Exploración Geofísica', false, '05', 2), 
	('PG413', 'Seguridad, Higiene y Ambiente', false, '05', 2), 
	('PG414', 'Preparación y Concentración de Minerales I', false, '05', 2), 
	('PG415', 'Economía Política I', false, '05', 5), 
	('PG421', 'Geología de Venezuela', false, '05', 2), 
	('PG422', 'Exploración Geoquímica', false, '05', 2), 
	('PG423', 'Gestión Ambiental ', false, '05', 2), 
	('PG424', 'Preparación y Concentración de Minerales II', false, '05', 2), 
	('PG425', 'Economía Política II', false, '05', 5), 
	('PG431', 'Geología del Petróleo', false, '05', 2), 
	('PG432', 'Gerencia de Proyectos', false, '05', 2), 
	('PG433', 'Evaluación y Gestión de Riesgos Geológicos', false, '05', 2), 
	('PG434', 'Diseño de Plantas Mineras', false, '05', 2), 
	('PG435', 'Economía Política III', false, '05', 5), 
	('PIPN003', 'Proy. Nac. y Nueva Ciudadania', false, '01', 5), 
	('PITI002', 'Taller Introd. Univers. Progr.', false, '01', 5), 
	('PNNC8003', 'Proyecto Nacional y Nueva Ciudadania', false, '07', 5), 
	('PNNC9003', 'Proyecto Nacional y Nueva Ciudadania', false, '04', 5), 
	('PNNCTI-963', 'Proyecto Nacional y Nueva Ciudadania', false, '06', 5), 
	('PNNCTT-48', 'Proyecto Nacional y Nueva Ciudadania', false, '06', 5), 
	('PRNANCFO-03', 'Proyecto Nacional y Nueva Ciudadania', false, '08', 5), 
	('PRO6002', 'La Administración en el Nuevo Modelo Social', false, '04', 2), 
	('SALPUBFO-04', 'Salud Pública', false, '08', 2), 
	('PIMT004', 'Matemática', false, '03', 2), 
	('TCPNMS6002', 'La Contaduria Pública en el Nuevo Modelo Social', false, '07', 2), 
	('PIRI2', 'Compresión de la Lectura y Redacción de Textos Académicos', false, '03', 1), 
	('PRO7502251', 'Ingles II', false, '07', 2), 
	('PRO7502252', 'Fundamentos Tecnicos y Juridicos de la Administración Pública', false, '07', 2), 
	('SC00', 'Servicio Comunitario', false, '04', 5), 
	('PLMTT3-963', 'Plan de Mercadeo Turístico', false, '06', 2), 
	('PPL6032', 'Planificación', false, '04', 2), 
	('PPR3031', 'Presupuesto Privado', false, '04', 2), 
	('PPU4032', 'Presupuesto Público', false, '04', 2), 
	('PRE9033', 'Presupuesto Público y Privado', false, '04', 2), 
	('PP13041', 'Paquetes Informaticos Aplicados a los Proc Administ', false, '04', 2), 
	('PRO6604221', 'Herramientas Tecnologicas III', false, '07', 2), 
	('PRO6604222', 'Bases Epistemologicas de la Ciencia Contable II', false, '07', 2), 
	('PRO6604224', 'Gestión Social', false, '07', 2), 
	('PRO6604226', 'Liderazgo y Toma de Decisiones', false, '07', 2), 
	('PRO6604227', 'Responsabilidad Social', false, '07', 2), 
	('SFN6042', 'Sistema Financiero Nacional', false, '04', 2), 
	('SIF6042', 'Sistemas Financieros ', false, '04', 2), 
	('TECOTI-361', 'Tecnologías de la Comunicacion', false, '06', 2), 
	('TECOTT-48', 'Tecnologías de la Comunicacion', false, '06', 2), 
	('THERTECFO-03', 'Herramientas Tecnologicas', false, '08', 2), 
	('TINVESAFO-04', 'Investigación en Salud', false, '08', 2), 
	('TPNNC8003', 'Proyecto Nacional y Nueva Ciudadania', false, '07', 5), 
	('TPORTINFO-03', 'Portugues Instrumental', false, '08', 2), 
	('TPRNANCFO-03', 'Proyecto Nacional y Nueva Ciudadania', false, '08', 5), 
	('PCC000001', 'Física Aplicada', false, '02', 2), 
	('70001', 'Deporte, Arte y Recreación I', false, '07', 2), 
	('70004', 'Tecnología de la Comunicación e Información', false, '07', 2), 
	('70005', 'Fundamentos de la Administración', false, '07', 2), 
	('70008', 'Electiva I', false, '07', 2), 
	('70009', 'Ingles I', false, '07', 2), 
	('70010', 'Deberes Formales del Contribuyente', false, '07', 2), 
	('ACACT1', 'Actividades Acreditables I', false, '06', 1), 
	('AGBSD162', 'Biodiversidad y Sociodiversidad', false, '01', 2), 
	('AGCGA142', 'Cálculo Geométrico Aplicado', false, '01', 2), 
	('AGCGA16', 'Cálculo Geométrico Aplicado', false, '01', 2), 
	('AGFIA142', 'Física Aplicada', false, '01', 2), 
	('AGFIA162', 'Física Aplicada', false, '01', 2), 
	('AGMAA16', 'Matematica Aplicada', false, '01', 2), 
	('AGMAT142', 'Manejo de las Tic', false, '01', 1), 
	('AGMEI162', 'Maquinarias, Equipos e Implementos Agrícolas Alternativos', false, '01', 2), 
	('AGPLA142', 'Políticas y Legislación Agraria', false, '01', 2), 
	('AGPLA162', 'Políticas y Legislación Agraria', false, '01', 5), 
	('PIGP4', 'Gestión de Proyectos Informáticos', false, '03', 2), 
	('AGPRB142', 'Principios de Biología ', false, '01', 2), 
	('AGPRB162', 'Principios de Biología', false, '01', 5), 
	('AGPRBQ142', 'Principios de Bioquímica', false, '01', 2), 
	('AGPRBQ162', 'Principios de Bioquímica', false, '01', 5), 
	('AGQGA142', 'Química General Aplicada', false, '01', 2), 
	('AGQGA16', 'Química General Aplicada', false, '01', 2), 
	('AGZFA162', 'Zoología y Fisiología Animal', false, '01', 2), 
	('CASTT1-722', 'Calidad de los Servicios Turisticos', false, '06', 2), 
	('DFC6012', 'Deberes Formales del Contribuyente (retenciones)', false, '04', 2), 
	('DIPTT1-601', 'Diseño de Producto Turístico', false, '06', 2), 
	('ECC001', 'Elementos Contables en las Cooperativas', false, '07', 2), 
	('ES3011', 'Estadística', false, '04', 2), 
	('FE6012', 'Fundamentos de la Economia', false, '07', 2), 
	('GETUT1-602', 'Geografía Turística', false, '06', 2), 
	('MLE6012', 'Marco Legal de las Entidades', false, '07', 2), 
	('OF6012', 'Operaciones Financieras', false, '04', 2), 
	('PCC112109', 'Estructura Organizativa del Estado', false, '02', 5), 
	('PCC114109', 'Construcción de Documentos', false, '02', 5), 
	('PCC114111', 'Lenguaje y Comunicación', false, '02', 1), 
	('PCC118109', 'Cultura', false, '02', 1), 
	('TRI6022', 'Tributación I', false, '07', 2), 
	('TDR3031', 'Declaración de Rentas', false, '04', 2), 
	('TIC6032', 'Tecnologías de la Información y Comunicación III', false, '04', 2), 
	('TRI6032', 'Tributación II', false, '07', 2), 
	('PCC414309', 'Acero y Madera', false, '02', 2), 
	('PCC122109', 'Geografia y Habitat', false, '02', 5), 
	('PCC124109', 'Informática Instrumental', false, '02', 1), 
	('PCC127209', 'Física Aplicada', false, '02', 2), 
	('PCC132109', 'Economia y Produccion', false, '02', 5), 
	('PCC134209', 'Mecánica', false, '02', 2), 
	('PCC137109', 'Quimica General', false, '02', 2), 
	('PCC215309', 'Analisis Estadisticos', false, '02', 2), 
	('PG111', 'Matematica I', false, '05', 2), 
	('PG112', 'Sistemas de Representación Grafica', false, '05', 2), 
	('PG114', 'Introducción a la Geociencia', false, '05', 2), 
	('PG115', 'Dimensión Universal del Hombre I', false, '05', 5), 
	('PG117', 'Redacción de Informes Técnicos', false, '05', 1), 
	('PG121', 'Matematica II', false, '05', 2), 
	('PG122', 'Topografia', false, '05', 2), 
	('PG123', 'Quimica II', false, '05', 2), 
	('PG124', 'Geología General', false, '05', 2), 
	('PG125', 'Dimensión Universal del Hombre II', false, '05', 5), 
	('PG131', 'Matematica III', false, '05', 2), 
	('PG132', 'Topografia Aplicada', false, '05', 2), 
	('PG133', 'Mineralogía', false, '05', 2), 
	('PG134', 'Geoquimica', false, '05', 2), 
	('PG135', 'Analisis Critico de la Realidad Venezolana', false, '05', 5), 
	('PI1108', 'Ofimática', false, '03', 1), 
	('PLTUT1-722', 'Planificación Turística', false, '06', 2), 
	('PSICOLOG-134', 'Psicología', false, '08', 2), 
	('PTE3011', 'Tecnicas de Expresión Oral y Escrita', false, '04', 2), 
	('PTI6012', 'Tecnologías de la Información y Comunicación I', false, '04', 2), 
	('SPC001', 'Sistemas y Procedimientos Contables', false, '07', 2), 
	('TETUT1-602', 'Teoría del Turismo', false, '06', 2), 
	('TPM6012', 'Teoría y Práctica del Mercadeo', false, '04', 2), 
	('TPTUT1-722', 'Tecnicas de Promoción Turistica', false, '06', 2), 
	('PG212', 'Geología Estructural y Geotectónica', false, '05', 2), 
	('PG213', 'Física', false, '05', 2), 
	('PG214', 'Métodos de Perforación', false, '05', 2), 
	('PCC216309', 'Mecánica de los Fluidos', false, '02', 2), 
	('PG215', 'Soberanía Política e Independencia Económica I', false, '05', 5), 
	('PG217', 'T.I.C.', false, '05', 1), 
	('PRO7502253', 'Sistema Bancario Venezolano', false, '07', 2), 
	('PRO7502254', 'Organización y Metodos', false, '07', 2), 
	('PRO7502255', 'Herramientas Tecnologicas I', false, '07', 2), 
	('PRO7502256', 'Tendencias Contemporaneas de la Contabilidad', false, '07', 2), 
	('PROTT2-722', 'Procesos y Operaciones Turisticas', false, '06', 2), 
	('PTI6022', 'Tecnologías de la Información y Comunicación II', false, '04', 2), 
	('SHA9023', 'Seminario Habilidades Directivas I', false, '04', 2), 
	('AGMEIE342', 'Manejo Ecológico de Insectos y Enfermedades', false, '01', 2), 
	('AGOTA362', 'Operaciones Básicas en la Transformación de Alimentos', false, '01', 2), 
	('PCC434310', 'Obras de Sistemas de Transito', false, '02', 2), 
	('PCC435109', 'Electiva II', false, '02', 1), 
	('PCC436309', 'Obras Hidraulicas', false, '02', 2), 
	('PCC437109', 'Electiva III', false, '02', 1), 
	('PCG6042', 'Control de Gestión Administrativa', false, '04', 2), 
	('1', 'Alfabetización Tecnológica', false, '03', 2), 
	('PIPT2', 'Proyecto Socio Tecnológico II', false, '03', 3), 
	('PISI4', 'Seguridad Informática', false, '03', 2), 
	('PIFC4', 'Formación Crítica IV', false, '03', 5), 
	('PIMA3', 'Matemática Aplicada', false, '03', 2), 
	('PIAB4', 'Administración de Base de Datos', false, '03', 2), 
	('PIAI4', 'Auditoría Informática', false, '03', 2), 
	('PIMB3', 'Modelado de Base de Datos', false, '03', 2), 
	('PIBD2', 'Base de Datos', false, '03', 2), 
	('PIACT1', 'Actividad Acreditable I', true, '03', 1), 
	('PIACT2', 'Actividad Acreditable II', true, '03', 1), 
	('PIACT3', 'Actividad Acreditable III', true, '03', 1), 
	('PIACT4', 'Actividad Acreditable IV', true, '03', 1), 
	('PIPP2', 'Programación II', false, '03', 2), 
	('ADAW', 'Electiva Desarrollo de Aplicaciones en la Web', false, '03', 2), 
	('PIPT1', 'Proyecto Sociotecnológico I', false, '03', 3), 
	('PIAP1', 'Algorítmica y Programación  I', false, '03', 2), 
	('PIPT3', 'Proyecto Sociotecnológico III', false, '03', 3), 
	('PIPT4', 'Proyecto Sociotecnológico IV', false, '03', 3), 
	('PIMT1', 'Matemática I', false, '03', 2), 
	('PIIS3', 'Ingeniería del Software II', false, '03', 2), 
	('PIID1', 'Idiomas', false, '03', 2), 
	('PIID4', 'Idiomas', false, '03', 2), 
	('PIRC2', 'Redes de Computadores', false, '03', 2), 
	('PIAC1', 'Arquitectura del Computador', false, '03', 2), 
	('PIFC2', 'Formación Critica II', false, '03', 5), 
	('PIEL2', 'Electiva II', false, '03', 2), 
	('PIIO3', 'Investigación de Operaciones', false, '03', 2), 
	('PISO3', 'Sistemas Operativos', false, '03', 2), 
	('PIFC3', 'Formación Critica III', false, '03', 5), 
	('PIEL3', 'Electiva III', false, '03', 2), 
	('PIS03', 'Ingeniería del Software I', false, '03', 2), 
	('PIRA4', 'Redes Avanzadas', false, '03', 2), 
	('PIPNP03', 'Proyecto Nacional y Nueva Ciudadania', false, '03', 5), 
	('PRO750125', 'Análisis y Ejecución de los Procesos Compatibles Aplicados', false, '07', 3), 
	('CON18016', 'Contabilidad I', false, '07', 2), 
	('PCC423309', 'Mantenimiento de Obras Civiles', false, '02', 2), 
	('PCC213309', 'Materiales de Construccion', false, '02', 2), 
	('AGBFV162', 'Botánica y Fisiología Vegetal', false, '01', 2), 
	('PIMT2', 'Matemática II', false, '03', 2), 
	('PIFC1', 'Formación Crítica I', false, '03', 5), 
	('PITIP02', 'Introdución a los Proyectos y al Programa', false, '03', 5), 
	('EFSI', 'Electiva Fundamentos de Sistemas de Información', false, '03', 1);
insert into malla values('PNFI-2012', '2011-04-27');
insert into "ucMalla" values 
	(default, '5', '0', false, 'T0', 'PIMT004', 'PNFI-2012'), 
	(default, '5', '0', false, 'T1-t1', 'PIMT1', 'PNFI-2012'), 
	(default, '5', '0', false, 'T2-t1', 'PIMT2', 'PNFI-2012'), 
	(default, '2', '3', true, 'T2-t2', 'PIBD2', 'PNFI-2012'), 
	(default, '5', '0', false, 'T3-t1', 'PIMA3', 'PNFI-2012'), 
	(default, '2', '3', true, 'T3-t2', 'PIMB3', 'PNFI-2012'), 
	(default, '2', '3', false, 'T3-t3', 'PIIO3', 'PNFI-2012'), 
	(default, '5', '0', false, 'T4-t1', 'PIFC4', 'PNFI-2012'), 
	(default, '2', '3', true, 'T4-t2', 'PIRA4', 'PNFI-2012'), 
	(default, '2', '3', true, 'T4-t3', 'PIAI4', 'PNFI-2012'), 
	(default, '5', '0', false, 'T0', 'PIPNP03', 'PNFI-2012'), 
	(default, '5', '0', false, 'T0', 'PITIP02', 'PNFI-2012'), 
	(default, '5', '0', false, 'T1-t2', 'PIMT1', 'PNFI-2012'), 
	(default, '5', '0', false, 'T1-t3', 'PIMT1', 'PNFI-2012'), 
	(default, '2', '3', true, 'T1-t1', 'PIAC1', 'PNFI-2012'), 
	(default, '2', '3', true, 'T1-t2', 'PIAC1', 'PNFI-2012'), 
	(default, '2', '3', true, 'T1-t3', 'PIAC1', 'PNFI-2012'), 
	(default, '5', '0', false, 'T1-t1', 'PIFC1', 'PNFI-2012'), 
	(default, '5', '0', false, 'T1-t2', 'PIFC1', 'PNFI-2012'), 
	(default, '5', '0', false, 'T1-t3', 'PIFC1', 'PNFI-2012'), 
	(default, '2', '3', true, 'T1-t1', 'PIAP1', 'PNFI-2012'), 
	(default, '2', '3', true, 'T1-t2', 'PIAP1', 'PNFI-2012'), 
	(default, '2', '3', true, 'T1-t3', 'PIAP1', 'PNFI-2012'), 
	(default, '5', '0', false, 'T1-t1', 'PIPT1', 'PNFI-2012'), 
	(default, '5', '0', false, 'T1-t2', 'PIPT1', 'PNFI-2012'), 
	(default, '5', '0', false, 'T1-t3', 'PIPT1', 'PNFI-2012'), 
	(default, '5', '0', false, 'T1-t1', 'PIID1', 'PNFI-2012'), 
	(default, '5', '0', false, 'T1-t2', 'PIID1', 'PNFI-2012'), 
	(default, '5', '0', false, 'T1-t3', 'PIID1', 'PNFI-2012'), 
	(default, '5', '0', false, 'T1-t1', 'PIACT1', 'PNFI-2012'), 
	(default, '5', '0', false, 'T1-t2', 'PIACT1', 'PNFI-2012'), 
	(default, '5', '0', false, 'T1-t3', 'PIACT1', 'PNFI-2012'), 
	(default, '5', '0', false, 'T2-t2', 'PIMT2', 'PNFI-2012'), 
	(default, '2', '3', true, 'T2-t1', 'PIRC2', 'PNFI-2012'), 
	(default, '2', '3', true, 'T2-t2', 'PIRC2', 'PNFI-2012'), 
	(default, '5', '0', false, 'T2-t1', 'PIFC2', 'PNFI-2012'), 
	(default, '5', '0', false, 'T2-t2', 'PIFC2', 'PNFI-2012'), 
	(default, '5', '0', false, 'T2-t3', 'PIFC2', 'PNFI-2012'), 
	(default, '2', '3', true, 'T2-t1', 'PIPP2', 'PNFI-2012'), 
	(default, '2', '3', true, 'T2-t2', 'PIPP2', 'PNFI-2012'), 
	(default, '2', '3', true, 'T2-t3', 'PIPP2', 'PNFI-2012'), 
	(default, '5', '0', false, 'T2-t1', 'PIPT2', 'PNFI-2012'), 
	(default, '5', '0', false, 'T2-t2', 'PIPT2', 'PNFI-2012'), 
	(default, '5', '0', false, 'T2-t3', 'PIPT2', 'PNFI-2012'), 
	(default, '5', '0', false, 'T2-t1', 'PIS03', 'PNFI-2012'), 
	(default, '5', '0', false, 'T2-t1', 'PIACT2', 'PNFI-2012'), 
	(default, '5', '0', false, 'T2-t2', 'PIACT2', 'PNFI-2012'), 
	(default, '5', '0', false, 'T2-t3', 'PIACT2', 'PNFI-2012'), 
	(default, '5', '0', false, 'T3-t2', 'PIMA3', 'PNFI-2012'), 
	(default, '5', '0', false, 'T3-t1', 'PISO3', 'PNFI-2012'), 
	(default, '5', '0', false, 'T3-t1', 'PIFC3', 'PNFI-2012'), 
	(default, '5', '0', false, 'T3-t2', 'PIFC3', 'PNFI-2012'), 
	(default, '5', '0', false, 'T3-t3', 'PIFC3', 'PNFI-2012'), 
	(default, '5', '0', false, 'T3-t1', 'PIPT3', 'PNFI-2012'), 
	(default, '5', '0', false, 'T3-t2', 'PIPT3', 'PNFI-2012'), 
	(default, '5', '0', false, 'T3-t3', 'PIPT3', 'PNFI-2012'), 
	(default, '5', '0', false, 'T3-t1', 'PIIS3', 'PNFI-2012'), 
	(default, '5', '0', false, 'T3-t2', 'PIIS3', 'PNFI-2012'), 
	(default, '5', '0', false, 'T3-t3', 'PIIS3', 'PNFI-2012'), 
	(default, '5', '0', false, 'T3-t1', 'PIACT3', 'PNFI-2012'), 
	(default, '5', '0', false, 'T3-t2', 'PIACT3', 'PNFI-2012'), 
	(default, '5', '0', false, 'T3-t3', 'PIACT3', 'PNFI-2012'), 
	(default, '5', '0', false, 'T4-t2', 'PIFC4', 'PNFI-2012'), 
	(default, '5', '0', false, 'T4-t3', 'PIFC4', 'PNFI-2012'), 
	(default, '5', '0', false, 'T4-t1', 'PIPT4', 'PNFI-2012'), 
	(default, '5', '0', false, 'T4-t2', 'PIPT4', 'PNFI-2012'), 
	(default, '5', '0', false, 'T4-t3', 'PIPT4', 'PNFI-2012'), 
	(default, '5', '0', false, 'T4-t1', 'PIGP4', 'PNFI-2012'), 
	(default, '2', '3', true, 'T4-t1', 'PIAB4', 'PNFI-2012'), 
	(default, '5', '0', false, 'T4-t1', 'PIID4', 'PNFI-2012'), 
	(default, '5', '0', false, 'T4-t2', 'PIID4', 'PNFI-2012'), 
	(default, '5', '0', false, 'T4-t3', 'PIID4', 'PNFI-2012'), 
	(default, '5', '0', false, 'T4-t1', 'PIACT4', 'PNFI-2012'), 
	(default, '5', '0', false, 'T4-t2', 'PIACT4', 'PNFI-2012'), 
	(default, '5', '0', false, 'T4-t3', 'PIACT4', 'PNFI-2012'), 
	(default, '2', '3', true, 'T4-t2', 'PISI4', 'PNFI-2012');

insert into persona values
	('13014569', 'Nelma', 'Del Valle', 'Uzcategui', 'De Barreto', 'f', 'redes.asesoria@gmail.com', 'Sin asignar', '0414-7416984', '02742211241'),
	('9499979', 'Rodolfo', 'Jose', 'Gonzalez', 'Gomez', 'f', 'rodolfogonzalezgomez@gmail.com', 'Sin asignar', '04265770067', '02742448880'),
	('11956576', 'Agni', 'Carolina', 'Sarache', 'Balza', 'f', 'carolina_sarache@yahoo.es', 'Sin asignar', '0416-4708970', '0274-2664556'),
	('8002737', 'Jose', 'Juvencio', 'Quintero', 'Delgado', 'f', 'Sin asignar', 'Sin asignar', 'Sin asignar', null),
	('8029075', 'Jerson', 'Orlando', 'Zambrano', 'Guerrero', 'f', 'jersonzambrano@yahoo.com', 'Sin asignar', '042657800277', '02742444503'),
	('17663839', 'Marlene', 'Jackeline', 'Rincón', 'Muñoz', 'f', 'Sin asignar', 'Sin asignar', 'Sin asignar', null),
	('10100205', 'German', null, 'Rojas', null, 'f', 'rgerman75@yahoo.es', 'Sin asignar', '0424-7071381', '0274-2214285'),
	('7168412', 'Jesus', 'Antonio', 'Delgado', 'Mendoza', 'f', 'jesusdelg1@gmail.com', 'Sin asignar', '04160727928', null),
	('19096583', 'Anna', 'Katherina', 'Lezama', 'Galaschow', 'f', 'annitap46@gmail.com', 'Sin asignar', '04126552386', null),
	('9201868', 'Pedro', 'Antonio', 'Martinez', 'Herrera', 'f', 'mhpa65@hotmail.com', 'Sin asignar', '0412-5499476', '02742630019'),
	('15296169', 'Rosaly', 'Carolina', 'Mendoza', 'Marquez', 'f', 'mendozarosaly@hotmail.com', 'Sin asignar', '04264153365', '02742661228'),
	('3992405', 'Maria', 'Magaly', 'Valero', 'Lacruz', 'f', 'Sin asignar', 'Sin asignar', 'Sin asignar', null),
	('14267080', 'Yulecxy ', 'Aurora', 'Uzcategui', 'Araque', 'f', 'yuluzar@hotmail.com', 'Sin asignar', '0414-3751830', '0274-2528083'),
	('222222', 'Jesus', null, 'Rodriguez', 'Ignacio', 'f', 'Sin asignar', 'Sin asignar', 'Sin asignar', null),
	('3048184', 'Jose', null, 'Solano', null, 'f', 'Sin asignar', 'Sin asignar', 'Sin asignar', null),
	('4768948', 'Beatriz Carolina', 'Del Carmen', 'Angeli', 'Maury', 'f', 'beatrizcarolinaangeli@gmail.com', 'Sin asignar', '04247349806', null),
	('7080727', 'Ivan', null, 'Lopez', null, 'f', 'Sin asignar', 'Sin asignar', 'Sin asignar', null),
	('8039294', 'Liliana', null, 'Duran', null, 'f', 'ldgeologa@gmail.com', 'Sin asignar', 'Sin asignar', null),
	('8039463', 'Ramses', 'Alonzo', 'Pernia', 'Suarez', 'f', 'ramsespernia0606@hotmail.com', 'Sin asignar', 'Sin asignar', null),
	('9198636', 'Luis', 'Alberto', 'Molina', 'Gutierrez', 'f', 'luisalbertomolina1963@hotmail.com', 'Sin asignar', '0416-6782813', null),
	('10102259', 'Alix', null, 'Angulo', null, 'f', 'Sin asignar', 'Sin asignar', 'Sin asignar', null),
	('10102454', 'Gerardo', 'Alexis', 'Vielma', 'Sanchez', 'f', 'gvs97@hotmail.com', 'Sin asignar', '0416-1719906', null),
	('11463296', 'Kary', 'Yuselin', 'Uzcategui', 'Nava', 'f', 'karinanava2006@hotmail.com', 'Sin asignar', '04265126395', null),
	('13098763', 'Amaluz', 'Carolina', 'Angarita', 'Albornoz', 'f', 'amaluzdelopez@hotmail.com', 'Sin asignar', '0426-5731334', null),
	('10718224', 'Nora', 'Patricia', 'Rojas', 'Fenandez', 'f', 'patriciarojas73@gmail.com', 'Sin asignar', 'Sin asignar', null),
	('2149217', 'Cesar', 'Rafael', 'Gutierrez', null, 'f', 'cesgutierrez@hotmail.com', 'Sin asignar', 'Sin asignar', '02742211931'),
	('2287821', 'Eduardo', 'Ali', 'Calderon', 'Mora', 'f', 'calderoneduardo@inter.com.ve', 'Sin asignar', '2217690', '0274'),
	('3574698', 'Angel', 'Saul', 'Valera', 'Pacheco', 'f', 'desmodus.rot@hotmail.com', 'Sin asignar', '04149798302', '02754112264'),
	('3485766', 'Hernan', 'Armando', 'Nieto', 'Villalobos', 'f', 'Sin asignar', 'Sin asignar', 'Sin asignar', null),
	('3661985', 'Odette', 'Margarita', 'Reggeti', 'De Perez', 'f', 'odette.pnffono@gmail.com', 'Sin asignar', '0424-1507514', null),
	('3692342', 'Migdalia ', 'Del Carmen', 'Garay', 'Aguilar', 'f', 'migdagar@hotmail.com', 'Sin asignar', 'Sin asignar', null),
	('3727339', 'Nestor', 'Orlando', 'Leon', 'Gonzalez', 'f', 'neslanleo@yahoo.es', 'Sin asignar', '0416-8736738', null),
	('3767311', 'Magdalena', 'Josefina', 'Torres', 'Morales', 'f', 'magdalenatorresm@gmail.com', 'Sin asignar', '0424-7040173', null),
	('3830917', 'Orlando', 'Rafael', 'Garcia', 'Romero', 'f', 'orlandogarcia@intercable.net', 'Sin asignar', 'Sin asignar', null),
	('3791326', 'Carlos', 'Humberto', 'Gutierrez', 'Quiroz', 'f', 'carloshgq@hotmail.com', 'Sin asignar', 'Sin asignar', null),
	('3910823', 'Ewaldo', null, 'Sandoval', 'S', 'f', 'Sin asignar', 'Sin asignar', 'Sin asignar', null),
	('3939687', 'Magali', 'Astrid', 'Molina', 'Rojas', 'f', 'Sin asignar', 'Sin asignar', 'Sin asignar', null),
	('3990590', 'Antonio', 'Jose', 'Mejias', 'Marquina', 'f', 'antoniojmm@cantv.net', 'Sin asignar', 'Sin asignar', null),
	('4194292', 'Arvin', 'Enrique', 'Pineda', 'Querales', 'f', 'arvinp@cantv.net', 'Sin asignar', '04164740981', null),
	('4319574', 'Iraide', 'Celina', 'Zerpa', null, 'f', 'Sin asignar', 'Sin asignar', 'Sin asignar', null),
	('4327492', 'Ramiro', 'De Jesus', 'Garcia', 'Matos', 'f', 'ramirogmatos@gmail.com', 'Sin asignar', '0414-9742712', null),
	('4353143', 'Abdemar', 'Jose', 'Ayestaran', 'Fabiani', 'f', 'abdemar90@hotmail.com', 'Sin asignar', '0416-6740678', null),
	('4356042', 'Myriam', 'Teresa', 'Anzola', 'De Diaz', 'f', 'Sin asignar', 'Sin asignar', 'Sin asignar', null),
	('4397227', 'Rafael', 'Gregorio', 'Bustamante', null, 'f', 'bustaraf@ula.ve', 'Sin asignar', 'Sin asignar', null),
	('4472778', 'Ignacio', 'Alexis', 'Rodriguez', 'Carrero', 'f', 'Sin asignar', 'Sin asignar', 'Sin asignar', '02742445382'),
	('4488065', 'Jose', 'Alexander', 'Perez', 'Marquez', 'f', 'apmjose@hotmail.com', 'Sin asignar', 'Sin asignar', null),
	('4488420', 'Jose', 'Baltazar', 'Guerrero', 'Diaz', 'f', 'Sin asignar', 'Sin asignar', 'Sin asignar', null),
	('4489957', 'Zoila', 'Teresa', 'Sosa', 'Barrios', 'f', 'Sin asignar', 'Sin asignar', 'Sin asignar', null),
	('4490481', 'Doris', 'M', 'Morantes', 'R', 'f', 'morantesdorism@hotmail.com', 'Sin asignar', '0414-0814673', null),
	('4492233', 'Gilberto', 'Valdemar', 'Belandria', 'Sarmiento', 'f', 'belansar57@yahoo.com', 'Sin asignar', 'Sin asignar', null),
	('4492356', 'Humberto', 'Egmidio', 'Rivas', 'Rivas', 'f', 'hrivas_2000@yahoo.es', 'Sin asignar', 'Sin asignar', null),
	('4583431', 'Carlos', 'G', 'Melendez', 'D', 'f', 'Sin asignar', 'Sin asignar', 'Sin asignar', null),
	('4633259', 'Omar', null, 'Gualdron', null, 'f', 'Sin asignar', 'Sin asignar', 'Sin asignar', null),
	('4769890', 'Virginia', 'Elena', 'Ramirez', 'Mago', 'f', 'rviky1@hotmail.com', 'Sin asignar', '0416-6741109', null),
	('4953940', 'Wilfredo', null, 'Molina', 'G', 'f', 'Sin asignar', 'Sin asignar', 'Sin asignar', null),
	('5021210', 'Carlos', 'Evelio', 'Castillo', 'Bautista', 'f', 'ingcasticar@hotmail.com', 'Sin asignar', '0416-4702766', null),
	('5201622', 'Alberto', null, 'Aranguren', null, 'f', 'Sin asignar', 'Sin asignar', 'Sin asignar', null),
	('5206267', 'Gladys', 'Coromoto', 'Aguilar', 'Guerrero', 'f', 'gladysaguilar@hotmail.com', 'Sin asignar', '0414-9772740', null),
	('5206372', 'Denis', null, 'Romero', null, 'f', 'Sin asignar', 'Sin asignar', 'Sin asignar', null),
	('5355610', 'Alfredo', 'Segundo', 'Lujano', 'Varela', 'f', 'Sin asignar', 'Sin asignar', 'Sin asignar', null),
	('5447146', 'Dolly', null, 'Cardozo', null, 'f', 'Sin asignar', 'Sin asignar', 'Sin asignar', null),
	('5466076', 'Esteban', null, 'Briceño', null, 'f', 'Sin asignar', 'Sin asignar', 'Sin asignar', null),
	('5507269', 'Lourdes', 'F', 'Valvuena', null, 'f', 'Sin asignar', 'Sin asignar', 'Sin asignar', null),
	('5559793', 'Edith', 'Iraiz', 'Calderon', 'Saras', 'f', 'eics_amigos@hotmail.com', 'Sin asignar', '0414-7456832', null),
	('5561396', 'Manuel', 'Antonio', 'Oliveros', 'Carruyo', 'f', 'mao5561@hotmail.com', 'Sin asignar', '0426-5580062', '0274-2216348'),
	('5740339', 'Cecilia', 'Magdalena', 'Granados', 'De Brito', 'f', 'Sin asignar', 'Sin asignar', 'Sin asignar', null),
	('5753564', 'Santo', 'Segundo', 'Romero', 'Coronel', 'f', 'vervhija@yahoo.es', 'Sin asignar', 'Sin asignar', null),
	('5794416', 'Mariela', null, 'Mendoza', null, 'f', 'Sin asignar', 'Sin asignar', 'Sin asignar', null),
	('5863317', 'Oscar', 'Geronimo', 'Mujica', 'Figueroa', 'f', 'oscar.mujica_89@hotmail.com', 'Sin asignar', '0426-5507175', null),
	('4054457', 'Victor', 'Alberto', 'Meza', 'Morales', 'f', 'victormeza02@hotmail.com', 'Sin asignar', 'Sin asignar', null),
	('4491607', 'Jesus', 'Alfonso', 'Rivas', 'Chacon', 'f', 'alfonsorivas17@hotmail.com', 'Sin asignar', '0416-9980201', null),
	('5124273', 'Corrado', null, 'Canto', 'Pacheco', 'f', 'ccantopacheco@hotmail.com', 'Sin asignar', 'Sin asignar', null),
	('5952723', 'Leticia', 'Del Carmen', 'Mogollon', 'De Chalbaud', 'f', 'Sin asignar', 'Sin asignar', 'Sin asignar', null),
	('6558454', 'Andres', 'Julian', 'Forti', 'Cavazzoni', 'f', 'aforti1963@hotmail.com, aforti@inia.gob.ve', 'Sin asignar', 'Sin asignar', null),
	('6940439', 'Zandra', 'Virginia', 'Ortega', 'Guerra', 'f', 'zandravirginia@yahoo.es', 'Sin asignar', '04146086140', null),
	('8028204', 'Nancy', 'Margot', 'Villarreal', 'Villanueva', 'f', 'nanavillarreal@gmail.com', 'Sin asignar', '04147451751', null),
	('7326064', 'Ramon', 'Fernando', 'Riera', 'Tona', 'f', 'rriera60@hotmail.com', 'Sin asignar', '0416-6562052', '0274-2452722'),
	('7525829', 'Carmen', 'Ysolina', 'Gutierrez', 'Pitter', 'f', 'Sin asignar', 'Sin asignar', 'Sin asignar', null),
	('7648734', 'Maria', 'Trinidad', 'Otalvora', null, 'f', 'otalvoramm@hotmail.com', 'Sin asignar', '2211916', '0274'),
	('7775026', 'Mariela', 'C', 'Oliveros', 'C', 'f', 'marielaobracho@hotmail.com', 'Sin asignar', 'Sin asignar', null),
	('7824945', 'Thais', 'Coromoto', 'Bracho', 'Urdaneta', 'f', 'thaisbracho49@gmail.com', 'Sin asignar', '0414-7172393', null),
	('8000617', 'Omar', 'Enrrique', 'Fernandez', 'Castillo', 'f', 'venaomar88@hotmail.com', 'Sin asignar', 'Sin asignar', null),
	('8002316', 'Jesus', 'Manuel', 'Sanchez', 'Villarreal', 'f', 'sanvi_3@hotmail.com', 'Sin asignar', '0414-5416339', null),
	('8004161', 'Maria', 'Xiomara', 'Gil', 'Otaiza', 'f', 'maxiogilo12@gmail.com', 'Sin asignar', 'Sin asignar', null),
	('8005159', 'Rigoberto', null, 'Paredes', null, 'f', 'Sin asignar', 'Sin asignar', '04144569878', null),
	('8006388', 'Roman', 'Ali', 'Marquez', null, 'f', 'tierracruda@hotmail.com', 'Sin asignar', '0424-7160374', null),
	('8012641', 'Ana', 'Teresa', 'Quintero', 'De Ruggero', 'f', 'anatqdr@gmail.com', 'Sin asignar', '0424-7671634', null),
	('8019784', 'Liria', null, 'Gutierrez', 'De Rojas', 'f', 'lirios_gutierrez@hotmail.com', 'Sin asignar', 'Sin asignar', null),
	('8020758', 'Maria', 'Grazia', 'Mocci', 'Deriu', 'f', 'cuadrifolium@yahoo.com', 'Sin asignar', '04149721770', '02742667245'),
	('8021306', 'Luis', 'Apolinar', 'Altuve', null, 'f', 'Sin asignar', 'Sin asignar', 'Sin asignar', null),
	('8021736', 'Rosa', 'Maria', 'Vasquez', 'Falcon', 'f', 'rosa_mariavf@hotmail.com', 'Sin asignar', '0416-2747257', null),
	('8021842', 'Jose', 'Ramon', 'Diaz', null, 'f', 'joserdiazp@yahoo.es', 'Sin asignar', '0274-4176258', null),
	('8022671', 'Jose ', 'Humberto', 'Quintero', 'Davila', 'f', 'Sin asignar', 'Sin asignar', '04147444352', '02742631167'),
	('8024531', 'Emiro', null, 'Rivas', 'Rivas', 'f', 'Sin asignar', 'Sin asignar', 'Sin asignar', null),
	('8025750', 'Victor', 'Manuel', 'Contreras', 'Contreras', 'f', 'vimaco7@hotmail.com', 'Sin asignar', '0424-7214303', null),
	('8026122', 'Carla', null, 'Secco', 'Track', 'f', 'carlaseco@gmail.com', 'Sin asignar', 'Sin asignar', '0274-2447227'),
	('8026155', 'Aura', 'Yanira', 'Santana', 'Vivas', 'f', 'Sin asignar', 'Sin asignar', 'Sin asignar', null),
	('17027780', 'Eibert', 'Leonardo', 'Reinoza', 'Contreras', 'f', 'eibertleon@gmail.com', 'Sin asignar', '04265737393', '02746587384'),
	('4491973', 'Ana', 'Celina', 'Muñoz', 'Garcia', 'f', 'anamunozuniversidad@gmail.com', 'Sin asignar', '04147447472', '02742637323'),
	('8027793', 'Judith', 'Esperanza', 'Rodriguez', 'Rivero', 'f', 'rodriguez.judith593@gmail.com', 'Sin asignar', '04269287208', '02744172051'),
	('11957795', 'Alix', 'Yubisay', 'Sayago', 'Albarran', 'f', 'aysa_ve@yahoo.com', 'Sin asignar', '04147237453', null),
	('6953950', 'Adolfo', 'Jose', 'Romero', 'Gonzalez', 'f', 'adrome67@yahoo.es', 'Sin asignar', '04268808212', '02744147257'),
	('5239250', 'Gilbert', 'Arturo', 'Santeliz', 'Zerpa', 'f', 'gilbertsanteliz@gmail.com', 'Sin asignar', '04265707388', '02742215787'),
	('4484976', 'Nelson', 'Antonio', 'Corredor', 'Trejo', 'f', 'ncorredortrejo@gmail.com', 'Sin asignar', '2442582', '0274'),
	('8027408', 'Olga', 'Maritza', 'De Frenza', 'Hernandez', 'f', 'maridefren@hotmail.com', 'Sin asignar', '0412', null),
	('8029045', 'Amneris', 'Teotiste', 'Guerrero', 'Molina', 'f', 'amnerisguerrero@yahoo.com', 'Sin asignar', '0426-5725885', null),
	('8029696', 'Ana', 'Cristina', 'Pacheco', 'Lugo', 'f', 'ana_cristinapacheco@hotmail.com', 'Sin asignar', '0416-6740590', null),
	('8031064', 'Gladys', 'Elena', 'Araujo', 'Diaz', 'f', 'geap54@yahoo.com', 'Sin asignar', '0416-3795128', '02742522383'),
	('8032732', 'Aura', 'Cecilia', 'Quintero', 'D Jesus', 'f', 'auracqd@hotmail.com', 'Sin asignar', '0414-7466491', null),
	('8034029', 'Francisco', 'Alonso', 'Marquez', 'Sosa', 'f', 'franmarq25@yahoo.com', 'Sin asignar', '04149792750', '02742632918'),
	('8034300', 'Pedro', 'William', 'Gonzalez', 'Guillen', 'f', 'pwgg@hotmail.com', 'Sin asignar', 'Sin asignar', null),
	('8034371', 'Javier', 'Alexis', 'Tellez', 'Gil', 'f', 'jatell@hotmail.com', 'Sin asignar', '0416-2704767', null),
	('8035484', 'Pio', 'Jose', 'Muñoz', 'Angulo', 'f', 'pjota15@hotmail.com', 'Sin asignar', '22160322', '0274'),
	('8037619', 'Miriam', 'Del Carmen', 'Muñoz', 'Ramirez', 'f', 'prof_miriam_m@hotmail.com', 'Sin asignar', '04267027698', null),
	('8038332', 'Marjorie', null, 'Uzcategui', null, 'f', 'mayouzca@hotmail.com', 'Sin asignar', '0416-7743326', null),
	('8038611', 'Frank', 'Reinaldo', 'Rodriguez', 'Calderon', 'f', 'srodriguez@inia.gob.ve', 'Sin asignar', 'Sin asignar', null),
	('10102108', 'Yasmelia', 'Del Carmen', 'Zerpa', 'Vielma', 'f', 'Sin asignar', 'Sin asignar', 'Sin asignar', null),
	('7934845', 'Maria', 'Carolina', 'Marquez', 'Uzcategui', 'f', 'mcarolinamar@hotmail.com', 'Sin asignar', 'Sin asignar', null),
	('8002183', 'Luis', 'Enrique', 'Rojas', 'Ramirez', 'f', 'rojasluis64@gmail.com', 'Sin asignar', 'Sin asignar', null),
	('8006639', 'Jose', 'De Jesus', 'Marquez', null, 'f', 'chepomar@hotmail.com', 'Sin asignar', '0414-7166051', '2664709'),
	('8039498', 'Tibayre', null, 'Fernandez', null, 'f', 'Sin asignar', 'Sin asignar', 'Sin asignar', null),
	('8040787', 'Ruben', 'Dario', 'Volcanes', 'Corredor', 'f', 'rubenvolcanes13@hotmail.com', 'Sin asignar', '0426-5710547', '0274-2662756'),
	('8041510', 'Emiro', 'Alfredo', 'Nava', 'Flores', 'f', 'emironava@hotmail.com, emironava@cantv.net', 'Sin asignar', '0416-6740835', '0274-2633054'),
	('8041620', 'Ramiro', 'Enrique', 'Prato', 'Vicuña', 'f', 'ramiroprato@hotmail.com', 'Sin asignar', '0414-7445995', null),
	('8042559', 'Jhonny', 'Enrique', 'Sanchez', 'Villareal', 'f', 'jhonysanchezv@yahoo.com', 'Sin asignar', '0414-7179562', null),
	('8044768', 'Jorge', 'Luis', 'Flores', 'Calderon', 'f', 'jorgelflores5@hotmail.com', 'Sin asignar', 'Sin asignar', null),
	('8045258', 'Carlos', 'Eduardo', 'Suescum', 'Rodriguez', 'f', 'suescum99@hotmail.com', 'Sin asignar', '0414-9793280', '0274-2213072'),
	('8045307', 'Belky', 'Coromoto', 'Sulbaran', 'Maldonado', 'f', 'belky_sulbaran@yahoo.com', 'Sin asignar', '0414-7466065', null),
	('8046408', 'David', 'Jose', 'Flores', 'Rojas', 'f', 'ingdavidflores@gmail.com', 'Sin asignar', 'Sin asignar', null),
	('8046659', 'Milton', null, 'Silva', null, 'f', 'Sin asignar', 'Sin asignar', 'Sin asignar', null),
	('8048794', 'Grizeta', null, 'Uzcategui', 'Barrios', 'f', 'joanktp@hotamil.com', 'Sin asignar', 'Sin asignar', null),
	('8079222', 'Magaly', 'Alicia', 'Valero', 'De Rodriguez', 'f', 'magava54@yahoo.es', 'Sin asignar', '2522281', '0274'),
	('8080375', 'Mario', null, 'Lanza', 'Camacaro', 'f', 'lanza.c@hotmail.com', 'Sin asignar', 'Sin asignar', null),
	('8080676', 'Herlinda', 'Cecilia', 'Montoya', 'De Higuera', 'f', 'leoriana@hotmail.com', 'Sin asignar', '04168876722', null),
	('8087415', 'Libia', 'Y', 'Marquez', 'C', 'f', 'Sin asignar', 'Sin asignar', 'Sin asignar', null),
	('8331149', 'Jesus', null, 'Vasquez', null, 'f', 'Sin asignar', 'Sin asignar', 'Sin asignar', null),
	('8336414', 'Jose', null, 'Vasquez', null, 'f', 'Sin asignar', 'Sin asignar', 'Sin asignar', null),
	('8656400', 'Pedro', null, 'Manzano', null, 'f', 'Sin asignar', 'Sin asignar', 'Sin asignar', null),
	('8683060', 'Lilian', 'Aurora', 'Puentes', 'Peña', 'f', 'lilianpuentes1@hotmail.com', 'Sin asignar', 'Sin asignar', null),
	('8720054', 'Henry', 'Eduardo', 'Garmendia', 'Paredes', 'f', 'hegp2007@yahoo.com', 'Sin asignar', '0416-4853146', null),
	('8958864', 'Carlos', null, 'Rojas', null, 'f', 'Sin asignar', 'Sin asignar', 'Sin asignar', null),
	('9028433', 'Maritza', 'Josefina', 'Peña', 'Candela', 'f', 'mari_p2005@hotmail.com', 'Sin asignar', '0412', null),
	('9234597', 'Pedro', null, 'Gutierrez', null, 'f', 'pedrogutierrez202@hotmail.com', 'Sin asignar', 'Sin asignar', null),
	('9472514', 'Jose', 'Luis', 'Marquez', null, 'f', 'Sin asignar', 'Sin asignar', 'Sin asignar', null),
	('9473151', 'Jairo', 'Ramon', 'Peña', 'Peña', 'f', 'Sin asignar', 'Sin asignar', 'Sin asignar', null),
	('9473374', 'Fredy', 'Enrique', 'Rivas', 'Valero', 'f', 'ingorivas@hotmail.com', 'Sin asignar', '0416-5025988', null),
	('9473423', 'Idalba', 'Del Socorro', 'Perez', 'Mora', 'f', 'idalser@yahoo.com', 'Sin asignar', '0416-5719995', null),
	('9473567', 'Lisbeth', 'Jane', 'Diaz', 'De Garcia', 'f', 'lisbethjane@gmail.com', 'Sin asignar', 'Sin asignar', null),
	('9473852', 'Carlos', 'Manuel', 'Sanchez', 'Garcia', 'f', 'Sin asignar', 'Sin asignar', 'Sin asignar', null),
	('9476268', 'Lusbeth', 'Del Valle', 'Ramirez', 'Palazzi', 'f', 'lulyrp@hotmail.com', 'Sin asignar', 'Sin asignar', null),
	('9478674', 'Carlos', 'Antonio', 'Zordan', 'Zordan', 'f', 'Sin asignar', 'Sin asignar', 'Sin asignar', null),
	('9501330', 'Orlando', 'Antonio', 'Oberto', 'Urbina', 'f', 'orlandooberto@yahoo.com', 'Sin asignar', 'Sin asignar', null),
	('9906067', 'Omel', 'Jose', 'Sifontes', null, 'f', 'omelsifontes@gmail.com', 'Sin asignar', 'Sin asignar', null),
	('9906615', 'Teresa', 'De Jesus', 'Medina', 'De Rodriguez', 'f', 'teresamero@gmail.com', 'Sin asignar', '04120759473', null),
	('10092487', 'Migdalia', 'Bethsabe', 'Martinez', 'Carrero', 'f', 'migbethsamar03@hotmail.com', 'Sin asignar', '0414-7381102', null),
	('10108950', 'Javier', 'Alberto', 'Paredes', 'Quintero', 'f', 'jparedes71@gmail.com', 'Sin asignar', '0426-5729180', null),
	('10109087', 'Veronica', null, 'Sanchez', 'Rachaus', 'f', 'Sin asignar', 'Sin asignar', 'Sin asignar', null),
	('10314511', 'Denisse', 'Victoria', 'Pazos', 'Briceño', 'f', 'denissepazos@hotmail.com', 'Sin asignar', '0414-1773720', null),
	('10712408', 'Walter', 'Alexander', 'Espinoza', 'Rangel', 'f', 'Sin asignar', 'Sin asignar', 'Sin asignar', null),
	('10713529', 'Roxy', 'Coromoto', 'Guillen', null, 'f', 'roxycg@gmail.com', 'Sin asignar', '0414-7039494', null),
	('8084432', 'Luz', 'Marina', 'Rondon', 'Rincon', 'f', 'Sin asignar', 'Sin asignar', 'Sin asignar', null),
	('9474147', 'Ligia', null, 'Rivas', 'Marquez', 'f', 'migelien@yahoo.com', 'Sin asignar', 'Sin asignar', null),
	('10087275', 'Marilyn', 'Coromoto', 'Medina', 'Leon', 'f', 'marilynml_68@hotmail.com', 'Sin asignar', 'Sin asignar', null),
	('10104966', 'Rodrigo', 'Jose', 'Guillen', 'Guillen', 'f', 'pintosalinasvcmerida2006@yahoo.es, morocoiute@yahoo.com.ve', 'Sin asignar', 'Sin asignar', null),
	('10714070', 'Katiuska', null, 'Mendez', null, 'f', 'Sin asignar', 'Sin asignar', 'Sin asignar', null),
	('10715404', 'Jose', 'Gregorio', 'Maldonado', 'Santiago', 'f', 'Sin asignar', 'Sin asignar', 'Sin asignar', null),
	('10718393', 'Mayuly', 'Coromoto', 'Villamizar', 'Araque', 'f', 'Sin asignar', 'Sin asignar', 'Sin asignar', '02742210348'),
	('10718091', 'Omar', 'Alonzo', 'Balza', 'Carrillo', 'f', 'balzaomar@hotmail.com', 'Sin asignar', '0424-7728962', '0274-4166125'),
	('10720364', 'Jose', 'Timoteo', 'Milla', 'Monsalve', 'f', 'millamjo@ula.ve, millamjo@hotmail.com, illamjo@hotmail.com', 'Sin asignar', '0414', null),
	('10797122', 'Rosanela', null, 'Galindo', 'Chirinos', 'f', 'rosanela.galindo@gmail.com', 'Sin asignar', 'Sin asignar', null),
	('11067484', 'Anneline', null, 'Alvarado', 'Machado', 'f', 'annelinea@gmail.com', 'Sin asignar', 'Sin asignar', null),
	('11108398', 'Olga', 'Ines', 'Contreras', 'Rodriguez', 'f', 'Sin asignar', 'Sin asignar', 'Sin asignar', null),
	('11319364', 'Marilu', null, 'Andara', 'Castellano', 'f', 'Sin asignar', 'Sin asignar', 'Sin asignar', null),
	('11460000', 'Esther', 'Zulay', 'Rosas', 'Lobo', 'f', 'erosaslobo@gmail.com', 'Sin asignar', 'Sin asignar', null),
	('10256095', 'Duberlis', 'Del Valle', 'Gonzalez', null, 'f', 'duberlisg@gmail.com', 'Sin asignar', '04141790063', null),
	('9389944', 'Cristina', 'Antonia', 'Sandoval', 'Briceño', 'f', 'cristinasandovalb@hotmail.com', 'Sin asignar', '04265739493', '02742452759'),
	('8044725', 'Yudith', null, 'Sanchez', null, 'f', 'yuditsame@yahoo.es,yuditsame@hotmail.com', 'Sin asignar', '04247731856', '02742446926'),
	('11460813', 'Suly', 'Coromoto', 'Contreras', 'Fernandez', 'f', 'ylus8@yahoo.es', 'Sin asignar', 'Sin asignar', null),
	('11462979', 'Martha', 'Ivonne', 'Triana', 'Vargas', 'f', 'Sin asignar', 'Sin asignar', '04247145086', '02742715952'),
	('11465653', 'Wendy', 'Del Carmen', 'Salas', 'Avendaño', 'f', 'wendysa_w10@yahoo.com', 'Sin asignar', 'Sin asignar', null),
	('11467397', 'Yasmeli', null, 'Pernia', 'De Cardoza', 'f', 'ondasinfantiles@hotmail.com', 'Sin asignar', '04141793292', null),
	('11467713', 'Douglas', 'Jose', 'Noguera', 'Gomez', 'f', 'dnoguera2005@gmail.com', 'Sin asignar', '0414-5425457', null),
	('11468201', 'Loren ', 'Del Valle', 'Arocha', 'Hernandez', 'f', 'arochaloren@hotmail.com', 'Sin asignar', '04242636665', '02712217283'),
	('11783461', 'Maria', null, 'Venegas', null, 'f', 'Sin asignar', 'Sin asignar', 'Sin asignar', null),
	('11912316', 'Amelyren', null, 'Basabe', null, 'f', 'amelyrenbasabe@hotmail.com', 'Sin asignar', 'Sin asignar', null),
	('11952770', 'Lucy', 'Margarita', 'Nava', 'Monsalve', 'f', 'navalucy@yahoo.com', 'Sin asignar', '04145775471', null),
	('11959505', 'Zioly', 'D.', 'Calderon', null, 'f', 'ziocady@gmail.com', 'Sin asignar', 'Sin asignar', null),
	('12048353', 'Alejandro', 'Miguel', 'Ochoa', null, 'f', 'alejandromiguel31@yahoo.es,  alejandromiguel31@gmail.com', 'Sin asignar', '04165028872', '0274-2620175'),
	('12346208', 'Raiza', 'Coromoto', 'Escalona', 'Salinas', 'f', 'Sin asignar', 'Sin asignar', 'Sin asignar', null),
	('12353031', 'George', 'De Jesus', 'Gonzalez', 'Gonzalez', 'f', 'ccclesiasticum@gmail.com', 'Sin asignar', 'Sin asignar', null),
	('12458260', 'Yosmar', 'Enrrique', 'Sulbaran', 'Garcia', 'f', 'syosmar@gmail.com', 'Sin asignar', '0426-5758267', null),
	('12776731', 'Alvaro', null, 'Peña', 'Peña', 'f', 'alpe02@hotmail.com', 'Sin asignar', 'Sin asignar', null),
	('12779069', 'Vioralba', null, 'Calderon', 'Asebedo', 'f', 'vioralbac@hotmail.com', 'Sin asignar', 'Sin asignar', null),
	('12779975', 'Lewing', 'Eduardo', 'Rangel', 'Nava', 'f', 'ledwigh_ern@hotmail.com', 'Sin asignar', '0426-5738282', null),
	('12817844', 'Jose', 'Isaias', 'Curvelo', 'Gomez', 'f', 'Sin asignar', 'Sin asignar', 'Sin asignar', null),
	('13013152', 'Alejandro', null, 'Rojas', 'Ceballos', 'f', 'Sin asignar', 'Sin asignar', 'Sin asignar', null),
	('13014707', 'Meiglyn', 'Coromoto', 'Angulo', 'Angulo', 'f', 'meiglynangulo@gmail.com', 'Sin asignar', '04162782958', null),
	('13098188', 'Jose', 'Gregorio', 'Perez', 'Mora', 'f', 'perezmorajg@cantv.net', 'Sin asignar', '0416-3732589', '0274-2210845'),
	('13098422', 'Levis', 'Arnaldo', 'Quintero', 'Trejo', 'f', 'levisq25@hotmail.com', 'Sin asignar', '04165762470', '2452466'),
	('13098948', 'Federico', null, 'Del Cura', 'Delgado', 'f', 'federico.delcura@gmail.com', 'Sin asignar', '0416-7759881', null),
	('13099384', 'Jose', 'Melanio', 'Peña', 'Sanchez', 'f', 'jomepesas@hotmail.com', 'Sin asignar', '0426-7799987', null),
	('13524820', 'Lisbeth', 'Fabiola', 'Rivas', 'Vielma', 'f', 'fabiolarivas17777@gmail.com', 'Sin asignar', '04167749828', '02742214331'),
	('13525905', 'Marielba', null, 'Oballos', 'Benavides', 'f', 'oballosm@yahoo.es,oballosm@hotmail.com', 'Sin asignar', '0414-7202547', null),
	('13649962', 'Yimi', 'Leandro', 'Marquez', null, 'f', 'marquezyimi@hotmail.com', 'Sin asignar', '04265731501', null),
	('13803490', 'Heidy', 'Dayana', 'Bitorajes', 'Diaz', 'f', 'abramovic@hotmail.com, abramovic2002@hotmail.es', 'Sin asignar', '0416-2924280', null),
	('13966605', 'Nervis', 'Nakary', 'Carrillo', 'Santiago', 'f', 'Sin asignar', 'Sin asignar', 'Sin asignar', null),
	('14267842', 'Ernesto', null, 'Vergara', 'Montoya', 'f', 'ernestovergara@hotmail.com', 'Sin asignar', '0416-3793398', null),
	('14400087', 'Aleixandre', 'Dennison', 'Villarroel', 'Gomez', 'f', 'aldevigo@gmail.com', 'Sin asignar', '0414-1794286', null),
	('14589222', 'Yammy', 'Karelys', 'Guillen', null, 'f', 'Sin asignar', 'Sin asignar', 'Sin asignar', null),
	('14700296', 'Jenny', 'Katherinne', 'Osorio', 'Albarran', 'f', 'kath97355@hotmail.com', 'Sin asignar', 'Sin asignar', null),
	('14268612', 'Hugo', 'Jose', 'Cerrada', 'Marquez', 'f', 'hugocerrada@hotmail.com, hugocerrada@gmail.com', 'Sin asignar', '0414-7459824', '0274-2442691'),
	('11705856', 'Carlos', 'Luis', 'Sarmiento', 'Fernandez', 'f', 'sarmiento.11@gmail.com', 'Sin asignar', '04165763133', '02742213623'),
	('14839454', 'Liliana', 'Elvira', 'Urbina', 'Diaz', 'f', 'elvirex@hotmail.com', 'Sin asignar', '0414-5425457', null),
	('14917365', 'Johan', 'Alejandro', 'Zerpa', 'Torres', 'f', 'jazt23@hotmail.com', 'Sin asignar', '0426-7730348', null),
	('15142314', 'Pablo', 'Martin', 'Silguero', 'Soto', 'f', 'pablosilguero@hotmail.com', 'Sin asignar', 'Sin asignar', null),
	('15175795', 'Silvia', 'Josefina', 'Gonzalez', 'Fernandez', 'f', 'silviaj9730@hotmail.com', 'Sin asignar', '0416-0988076', null),
	('15223533', 'Saul', 'Elias', 'Guaimara', 'Rondon', 'f', 'saelig@hotmail.com', 'Sin asignar', '04247194467', null),
	('15381185', 'Ruth', 'Melania', 'Castillo', 'Omaña', 'f', 'ruthmelania82@yahoo.com', 'Sin asignar', '04166469011', null),
	('15516303', 'Hebert', 'Joel', 'Avendaño', 'La Cruz', 'f', 'Sin asignar', 'Sin asignar', 'Sin asignar', null),
	('15516332', 'Katherin', 'Joan', 'Trejo', 'Pernia', 'f', 'joanktp@yahoo.com', 'Sin asignar', '0414-1792774', null),
	('15565857', 'Norkys', 'Magaly', 'Bustos', 'Zambrano', 'f', 'norkysbusto@hotmail.com', 'Sin asignar', '0414-0802546', null),
	('15622903', 'Leida ', 'Tamara', 'Salcedo', 'Peñaloza', 'f', 'leidatsalcedo@gmail.com', 'Sin asignar', '04265712890', '02746574546'),
	('15754922', 'Jorge', 'Luis', 'Altuve', null, 'f', 'jorgeluisaltuve@yahoo.es', 'Sin asignar', 'Sin asignar', null),
	('15754311', 'Keibys', 'Eduardo', 'Colmenares', null, 'f', 'colmenares.keibys@gmail.com', 'Sin asignar', '04168750063', null),
	('15756979', 'Maria', 'Jose', 'Salas', 'Medina', 'f', 'Sin asignar', 'Sin asignar', 'Sin asignar', null),
	('12352023', 'Yenny', 'Caribay', 'Araujo', 'Guillen', 'f', 'yennygui@hotmail.com', 'Sin asignar', '04125499348', null),
	('84570604', 'Guillermo', null, 'Bustos', 'Prada', 'f', 'guillermobustopradam@gmail.com', 'Sin asignar', '04261529464', null),
	('15920086', 'Daniel', 'Ricardo', 'Salas', 'Contreras', 'f', 'daniels2030@gmail.com', 'Sin asignar', 'Sin asignar', null),
	('15920291', 'Jorge', 'Guillermo', 'Angulo', 'Salazar', 'f', 'ale_alito8_@hotmail.com', 'Sin asignar', 'Sin asignar', null),
	('15921593', 'Belisario', null, 'Toro', null, 'f', 'toro_ai@hotmail.com', 'Sin asignar', 'Sin asignar', null),
	('16020374', 'Caterling', 'Vanessa', 'Melendez', 'Montoya', 'f', 'caterling_m@hotmail.com', 'Sin asignar', '0414-9790618', null),
	('16285988', 'Luisana', null, 'Fonseca', 'Cadenas', 'f', 'luisanafonseca12@gmail.com', 'Sin asignar', 'Sin asignar', null),
	('16377291', 'Yosmely', null, 'Ramirez', null, 'f', 'yosmely_ramirez@hotmail.com', 'Sin asignar', '0416-4704092', null),
	('16964770', 'Sarai', 'Margarita', 'Sojo', 'Portillo', 'f', 'sarfer60@hotmail.com', 'Sin asignar', '04147425566', null),
	('17130729', 'Onelia', 'Karina', 'Fernandez', 'Sosa', 'f', 'onefs@hotmail.com', 'Sin asignar', 'Sin asignar', null),
	('17238348', 'Carla', 'Vanessa', 'Pacheco', 'Guerrero', 'f', 'Sin asignar', 'Sin asignar', 'Sin asignar', null),
	('17456574', 'Manuel', 'Alberto', 'Lujan', 'Anzola', 'f', 'lujanoanzola@yahoo.com', 'Sin asignar', 'Sin asignar', null),
	('13967486', 'Mervin', 'Javier', 'Marquez', 'Quintero', 'f', 'mervin_marquez@yahoo.es', 'Sin asignar', '0424-7372826', '02742215202'),
	('13966054', 'Anna', 'Yusmarie', 'Dugarte', 'Sanchez', 'f', 'dugartea@gmail.com', 'Sin asignar', '04247026306', null),
	('10898072', 'Jesus', 'Alber', 'Romero', 'Cubillos', 'f', 'alber_romero@hotmail.com', 'Sin asignar', 'Sin asignar', '02747893689'),
	('11466224', 'Jimi', 'Jose', 'Quintero', 'Dugarte', 'f', 'jjimiq@gmail.com, j_jimiq@gmail.com', 'Sin asignar', '04147555034', '02742635434'),
	('13723698', 'Aida', 'Vidalina', 'Avila', 'Zavala', 'f', 'aidivi@gmail.com', 'Sin asignar', '04247585074', null),
	('11303172', 'Monica', 'Aurora', 'Rosciano', 'Tolosa', 'f', 'monicarosciano23@gmail.com', 'Sin asignar', 'Sin asignar', null),
	('11954144', 'Antonio', 'Jose', 'Montilla', 'Montilla', 'f', 'eantoniojosemontilla@gmail.com', 'Sin asignar', '7721070', '0424'),
	('14401340', 'Mayra', 'Irlanda', 'Peña', 'Rodriguez', 'f', 'maype123@hotmail.com', 'Sin asignar', '04147453968', null),
	('13524109', 'Darwin', 'Javier', 'Pernia', 'Rodriguez', 'f', 'darwinpernia@gmail.com', 'Sin asignar', '04147175016', null),
	('17499585', 'Mariana', 'Alejandra', 'Perez', 'Romero', 'f', 'marianaperez908@gmail.com', 'Sin asignar', '04265583956', null),
	('17456954', 'Mahiceth', 'Cecilia', 'Quintero', 'Valero', 'f', 'mahiceth.quintero@gmail.com', 'Sin asignar', '0416-1194076', null),
	('16199115', 'Elio', 'D Jesus', 'Ramirez', 'Cruces', 'f', 'Sin asignar', 'Sin asignar', '0416-3769937', null),
	('17523454', 'Merilin', 'Liliana', 'Monsalve', 'Rojas', 'f', 'merilinmonsalve@hotmail.com', 'Sin asignar', '04247523196', null),
	('17664938', 'Yessika', 'Carolyn', 'Saiz', 'Vielma', 'f', 'uptm_ing_yessika_saiz@hotmail.com', 'Sin asignar', '041436742428', '02742217626'),
	('18581024', 'Humberto', 'Jose', 'Gelves', 'Molina', 'f', 'humbertog18@hotmail.com', 'Sin asignar', '04141272004', null),
	('18796815', 'Gustavo', 'Armando', 'Rivas', 'Rangel', 'f', 'Sin asignar', 'Sin asignar', 'Sin asignar', null),
	('18796996', 'Walter', 'Alcibiades', 'Rivas', 'Cuevas', 'f', 'Sin asignar', 'Sin asignar', 'Sin asignar', null),
	('19421996', 'Becky', 'Lilibeth', 'Sosa', 'Duque', 'f', 'beckysosa@gmail.com', 'Sin asignar', '0414-7340911', null),
	('81423693', 'Mauricio', 'Alejandro', 'Ravanal', 'Zepeda', 'f', 'mauricio.ravanal@gmail.com', 'Sin asignar', '0414-7160365', null),
	('9240195', 'Miguel', null, 'Acevedo', null, 'f', '1aa.miguel@gmail.com,miguelaa1@cantv.net', 'Sin asignar', 'Sin asignar', null),
	('14400356', 'Maria', 'Eugenia', 'Acosta', 'Garcia', 'f', 'maruag22@hotmail.com', 'Sin asignar', '0424-7013663', null),
	('3966127', 'Oswaldo', 'Adelis', 'Abarca', 'Montilla', 'f', 'Sin asignar', 'Sin asignar', 'Sin asignar', null),
	('6547603', 'Judith', 'Tibisay', 'Colina', 'Mirena', 'f', 'judithc8@hotmail.com', 'Sin asignar', 'Sin asignar', null),
	('7832738', 'Maria', 'Asuncion', 'Socorro', null, 'f', 'mariasove@yahoo.com', 'Sin asignar', 'Sin asignar', null),
	('9475173', 'Yadira', 'Yelitza', 'Marquez', 'Santiago', 'f', 'yayms@hotmail.com', 'Sin asignar', '04140760466', '02742660082'),
	('9476031', 'Javier', 'Antonio', 'Castillo', 'Torres', 'f', 'jact5455@hotmail.com', 'Sin asignar', '0416-4749446', null),
	('14916156', 'Yamile', 'Mercedes', 'Alam', 'Pastor', 'f', 'ymap1999@yahoo.com', 'Sin asignar', '04166744520', null),
	('13477378', 'Susana', 'Del Pilar', 'Briceño', 'Jaimes', 'f', 'susanabj@gmail.com', 'Sin asignar', '04247259745', '02747903567'),
	('14917178', 'Johanna', 'Yecenia', 'Gomez', 'Alvarez', 'f', 'johannna.ga@gmail.com', 'Sin asignar', '04149565557', null),
	('7509507', 'Lorenzo', 'Antonio', 'Vasquez', 'Rojas', 'f', 'natabir@gmail.com', 'Sin asignar', '04147041084', '027441499797'),
	('11960173', 'Edgar', 'Alexander', 'Rosales', 'Rubio', 'f', 'edwsalex@hotmail.com', 'Sin asignar', '04265728277', null),
	('13648603', 'Raquel', 'Ailyn', 'Zambrano', 'De Pascarella', 'f', 'raquelzambrano@hotmail.com', 'Sin asignar', '04247202152', '02742630043'),
	('8047120', 'Diony', 'Ginette', 'Alviarez', 'Paredes', 'f', 'gdiony@yahoo.es', 'Sin asignar', '04269770025', null),
	('5655983', 'Blanca', 'Elena', 'Alviarez', 'De Maldonado', 'f', 'blancalvi@gmail.com', 'Sin asignar', '04167771000', null),
	('12722185', 'Solange', 'Aniree', 'Leal', 'Leal', 'f', 'solangeleal@yahoo.com', 'Sin asignar', '0416-2755134', '0274-2623282');


insert into categoria values
	('No', 'Sin asignar'),
	('Agre', 'Agregado'),
	('Asist', 'Asistente'),
	('Asoc', 'Asociado'),
	('Aux', 'Auxiliar Docente'),
	('Inst', 'Instructor'),
	('Tit', 'Titular');
insert into condicion values
	(0, 'Sin asignar'),
	(default, 'Contratado'),
	(default, 'Jubilado'),
	(default, 'Ordinario'),
	(default, 'Suplente');
insert into dedicacion values
	('No', 'Sin asignar', 0),
	('EXC', 'Exclusiva', 16),
	('MT', 'Medio Tiempo', 12),
	('TC', 'Tiempo Completo', 16),
	('TCv', 'Tiempo Convencional', 7);
insert into profesion values
	(0, 'Sin asignar'),
	(default, 'Ing. en Sistemas'),
	(default, 'Lic. Contaduría'),
	(default, 'Ing. Civil'),
	(default, 'TSU en Contaduría'),
	(default, 'TSU en Informática'),
	(default, 'TSU en Agrotecnia'),
	(default, 'TSU en Construcción Civil'),
	(default, 'Ing. Química'),
	(default, 'TSU en Manejo de Emergencias A.C.D.'),
	(default, 'Lic. en Administración'),
	(default, 'Matemática'),
	(default, 'Ing. Industrial'),
	(default, 'Psicogía'),
	(default, 'Socilogía'),
	(default, 'Ing. en Informática'),
	(default, 'Ing. Eléctrica'),
	(default, 'Ing. Mecánica'),
	(default, 'Tecnología Pecuaria'),
	(default, 'Tecnología Agrícola'),
	(default, 'Lic. en Matemática'),
	(default, 'Ing. Forestal'),
	(default, 'Lic. en Comunicación Social'),
	(default, 'Lic. en Educación'),
	(default, 'Lic. en Administración de Empresas'),
	(default, 'Lic. en Letras'),
	(default, 'Lic. en Educación Física'),
	(default, 'Arquitectura'),
	(default, 'Ing. de Minas'),
	(default, 'Lic. en Nutrición'),
	(default, 'Médicina Veterinaria'),
	(default, 'Lic. en Derechos'),
	(default, 'Politología'),
	(default, 'Criminología'),
	(default, 'Lic. en Historia'),
	(default, 'Lic. en Idiomas Modernos'),
	(default, 'Lic. en Medios Audiovisuales'),
	(default, 'Lic. en Biología'),
	(default, 'Lic. en Física'),
	(default, 'Lic. en Química'),
	(default, 'Geografía'),
	(default, 'Farmacia'),
	(default, 'Lic. en Bioanálisis'),
	(default, 'Mádicina'),
	(default, 'Lic. en Enfermería'),
	(default, 'TSU en Radiología'),
	(default, 'Odontología'),
	(default, 'Ing. Agrícola'),
	(default, 'Lic. en Diseño Industrial'),
	(default, 'Lic. en Estadística'),
	(default, 'Lic. en Economía'),
	(default, 'Lic. Filosofía'),
	(default, 'Ing. en Geología');
insert into profesor values
	('13014569', 'No', '0', 'No', '0'),
	('9499979', 'No', '0', 'No', '0'),
	('11956576', 'No', '0', 'No', '0'),
	('8002737', 'No', '0', 'No', '0'),
	('8029075', 'No', '0', 'No', '0'),
	('17663839', 'No', '0', 'No', '0'),
	('10100205', 'No', '0', 'No', '0'),
	('7168412', 'No', '0', 'No', '0'),
	('19096583', 'No', '0', 'No', '0'),
	('9201868', 'No', '0', 'No', '0'),
	('15296169', 'No', '0', 'No', '0'),
	('3992405', 'No', '0', 'No', '0'),
	('14267080', 'No', '0', 'No', '0'),
	('222222', 'No', '0', 'No', '0'),
	('3048184', 'No', '0', 'No', '0'),
	('4768948', 'No', '0', 'No', '0'),
	('7080727', 'No', '0', 'No', '0'),
	('8039294', 'No', '0', 'No', '0'),
	('8039463', 'No', '0', 'No', '0'),
	('9198636', 'No', '0', 'No', '0'),
	('10102259', 'No', '0', 'No', '0'),
	('10102454', 'No', '0', 'No', '0'),
	('11463296', 'No', '0', 'No', '0'),
	('13098763', 'No', '0', 'No', '0'),
	('10718224', 'No', '0', 'No', '0'),
	('2149217', 'No', '0', 'No', '0'),
	('2287821', 'No', '0', 'No', '0'),
	('3574698', 'No', '0', 'No', '0'),
	('3485766', 'No', '0', 'No', '0'),
	('3661985', 'No', '0', 'No', '0'),
	('3692342', 'No', '0', 'No', '0'),
	('3727339', 'No', '0', 'No', '0'),
	('3767311', 'No', '0', 'No', '0'),
	('3830917', 'No', '0', 'No', '0'),
	('3791326', 'No', '0', 'No', '0'),
	('3910823', 'No', '0', 'No', '0'),
	('3939687', 'No', '0', 'No', '0'),
	('3990590', 'No', '0', 'No', '0'),
	('4194292', 'No', '0', 'No', '0'),
	('4319574', 'No', '0', 'No', '0'),
	('4327492', 'No', '0', 'No', '0'),
	('4353143', 'No', '0', 'No', '0'),
	('4356042', 'No', '0', 'No', '0'),
	('4397227', 'No', '0', 'No', '0'),
	('4472778', 'No', '0', 'No', '0'),
	('4488065', 'No', '0', 'No', '0'),
	('4488420', 'No', '0', 'No', '0'),
	('4489957', 'No', '0', 'No', '0'),
	('4490481', 'No', '0', 'No', '0'),
	('4492233', 'No', '0', 'No', '0'),
	('4492356', 'No', '0', 'No', '0'),
	('4583431', 'No', '0', 'No', '0'),
	('4633259', 'No', '0', 'No', '0'),
	('4769890', 'No', '0', 'No', '0'),
	('4953940', 'No', '0', 'No', '0'),
	('5021210', 'No', '0', 'No', '0'),
	('5201622', 'No', '0', 'No', '0'),
	('5206267', 'No', '0', 'No', '0'),
	('5206372', 'No', '0', 'No', '0'),
	('5355610', 'No', '0', 'No', '0'),
	('5447146', 'No', '0', 'No', '0'),
	('5466076', 'No', '0', 'No', '0'),
	('5507269', 'No', '0', 'No', '0'),
	('5559793', 'No', '0', 'No', '0'),
	('5561396', 'No', '0', 'No', '0'),
	('5740339', 'No', '0', 'No', '0'),
	('5753564', 'No', '0', 'No', '0'),
	('5794416', 'No', '0', 'No', '0'),
	('5863317', 'No', '0', 'No', '0'),
	('4054457', 'No', '0', 'No', '0'),
	('4491607', 'No', '0', 'No', '0'),
	('5124273', 'No', '0', 'No', '0'),
	('5952723', 'No', '0', 'No', '0'),
	('6558454', 'No', '0', 'No', '0'),
	('6940439', 'No', '0', 'No', '0'),
	('8028204', 'No', '0', 'No', '0'),
	('7326064', 'No', '0', 'No', '0'),
	('7525829', 'No', '0', 'No', '0'),
	('7648734', 'No', '0', 'No', '0'),
	('7775026', 'No', '0', 'No', '0'),
	('7824945', 'No', '0', 'No', '0'),
	('8000617', 'No', '0', 'No', '0'),
	('8002316', 'No', '0', 'No', '0'),
	('8004161', 'No', '0', 'No', '0'),
	('8005159', 'No', '0', 'No', '0'),
	('8006388', 'No', '0', 'No', '0'),
	('8012641', 'No', '0', 'No', '0'),
	('8019784', 'No', '0', 'No', '0'),
	('8020758', 'No', '0', 'No', '0'),
	('8021306', 'No', '0', 'No', '0'),
	('8021736', 'No', '0', 'No', '0'),
	('8021842', 'No', '0', 'No', '0'),
	('8022671', 'No', '0', 'No', '0'),
	('8024531', 'No', '0', 'No', '0'),
	('8025750', 'No', '0', 'No', '0'),
	('8026122', 'No', '0', 'No', '0'),
	('8026155', 'No', '0', 'No', '0'),
	('17027780', 'No', '0', 'No', '0'),
	('4491973', 'No', '0', 'No', '0'),
	('8027793', 'No', '0', 'No', '0'),
	('11957795', 'No', '0', 'No', '0'),
	('6953950', 'No', '0', 'No', '0'),
	('5239250', 'No', '0', 'No', '0'),
	('4484976', 'No', '0', 'No', '0'),
	('8027408', 'No', '0', 'No', '0'),
	('8029045', 'No', '0', 'No', '0'),
	('8029696', 'No', '0', 'No', '0'),
	('8031064', 'No', '0', 'No', '0'),
	('8032732', 'No', '0', 'No', '0'),
	('8034029', 'No', '0', 'No', '0'),
	('8034300', 'No', '0', 'No', '0'),
	('8034371', 'No', '0', 'No', '0'),
	('8035484', 'No', '0', 'No', '0'),
	('8037619', 'No', '0', 'No', '0'),
	('8038332', 'No', '0', 'No', '0'),
	('8038611', 'No', '0', 'No', '0'),
	('10102108', 'No', '0', 'No', '0'),
	('7934845', 'No', '0', 'No', '0'),
	('8002183', 'No', '0', 'No', '0'),
	('8006639', 'No', '0', 'No', '0'),
	('8039498', 'No', '0', 'No', '0'),
	('8040787', 'No', '0', 'No', '0'),
	('8041510', 'No', '0', 'No', '0'),
	('8041620', 'No', '0', 'No', '0'),
	('8042559', 'No', '0', 'No', '0'),
	('8044768', 'No', '0', 'No', '0'),
	('8045258', 'No', '0', 'No', '0'),
	('8045307', 'No', '0', 'No', '0'),
	('8046408', 'No', '0', 'No', '0'),
	('8046659', 'No', '0', 'No', '0'),
	('8048794', 'No', '0', 'No', '0'),
	('8079222', 'No', '0', 'No', '0'),
	('8080375', 'No', '0', 'No', '0'),
	('8080676', 'No', '0', 'No', '0'),
	('8087415', 'No', '0', 'No', '0'),
	('8331149', 'No', '0', 'No', '0'),
	('8336414', 'No', '0', 'No', '0'),
	('8656400', 'No', '0', 'No', '0'),
	('8683060', 'No', '0', 'No', '0'),
	('8720054', 'No', '0', 'No', '0'),
	('8958864', 'No', '0', 'No', '0'),
	('9028433', 'No', '0', 'No', '0'),
	('9234597', 'No', '0', 'No', '0'),
	('9472514', 'No', '0', 'No', '0'),
	('9473151', 'No', '0', 'No', '0'),
	('9473374', 'No', '0', 'No', '0'),
	('9473423', 'No', '0', 'No', '0'),
	('9473567', 'No', '0', 'No', '0'),
	('9473852', 'No', '0', 'No', '0'),
	('9476268', 'No', '0', 'No', '0'),
	('9478674', 'No', '0', 'No', '0'),
	('9501330', 'No', '0', 'No', '0'),
	('9906067', 'No', '0', 'No', '0'),
	('9906615', 'No', '0', 'No', '0'),
	('10092487', 'No', '0', 'No', '0'),
	('10108950', 'No', '0', 'No', '0'),
	('10109087', 'No', '0', 'No', '0'),
	('10314511', 'No', '0', 'No', '0'),
	('10712408', 'No', '0', 'No', '0'),
	('10713529', 'No', '0', 'No', '0'),
	('8084432', 'No', '0', 'No', '0'),
	('9474147', 'No', '0', 'No', '0'),
	('10087275', 'No', '0', 'No', '0'),
	('10104966', 'No', '0', 'No', '0'),
	('10714070', 'No', '0', 'No', '0'),
	('10715404', 'No', '0', 'No', '0'),
	('10718393', 'No', '0', 'No', '0'),
	('10718091', 'No', '0', 'No', '0'),
	('10720364', 'No', '0', 'No', '0'),
	('10797122', 'No', '0', 'No', '0'),
	('11067484', 'No', '0', 'No', '0'),
	('11108398', 'No', '0', 'No', '0'),
	('11319364', 'No', '0', 'No', '0'),
	('11460000', 'No', '0', 'No', '0'),
	('10256095', 'No', '0', 'No', '0'),
	('9389944', 'No', '0', 'No', '0'),
	('8044725', 'No', '0', 'No', '0'),
	('11460813', 'No', '0', 'No', '0'),
	('11462979', 'No', '0', 'No', '0'),
	('11465653', 'No', '0', 'No', '0'),
	('11467397', 'No', '0', 'No', '0'),
	('11467713', 'No', '0', 'No', '0'),
	('11468201', 'No', '0', 'No', '0'),
	('11783461', 'No', '0', 'No', '0'),
	('11912316', 'No', '0', 'No', '0'),
	('11952770', 'No', '0', 'No', '0'),
	('11959505', 'No', '0', 'No', '0'),
	('12048353', 'No', '0', 'No', '0'),
	('12346208', 'No', '0', 'No', '0'),
	('12353031', 'No', '0', 'No', '0'),
	('12458260', 'No', '0', 'No', '0'),
	('12776731', 'No', '0', 'No', '0'),
	('12779069', 'No', '0', 'No', '0'),
	('12779975', 'No', '0', 'No', '0'),
	('12817844', 'No', '0', 'No', '0'),
	('13013152', 'No', '0', 'No', '0'),
	('13014707', 'No', '0', 'No', '0'),
	('13098188', 'No', '0', 'No', '0'),
	('13098422', 'No', '0', 'No', '0'),
	('13098948', 'No', '0', 'No', '0'),
	('13099384', 'No', '0', 'No', '0'),
	('13524820', 'No', '0', 'No', '0'),
	('13525905', 'No', '0', 'No', '0'),
	('13649962', 'No', '0', 'No', '0'),
	('13803490', 'No', '0', 'No', '0'),
	('13966605', 'No', '0', 'No', '0'),
	('14267842', 'No', '0', 'No', '0'),
	('14400087', 'No', '0', 'No', '0'),
	('14589222', 'No', '0', 'No', '0'),
	('14700296', 'No', '0', 'No', '0'),
	('14268612', 'No', '0', 'No', '0'),
	('11705856', 'No', '0', 'No', '0'),
	('14839454', 'No', '0', 'No', '0'),
	('14917365', 'No', '0', 'No', '0'),
	('15142314', 'No', '0', 'No', '0'),
	('15175795', 'No', '0', 'No', '0'),
	('15223533', 'No', '0', 'No', '0'),
	('15381185', 'No', '0', 'No', '0'),
	('15516303', 'No', '0', 'No', '0'),
	('15516332', 'No', '0', 'No', '0'),
	('15565857', 'No', '0', 'No', '0'),
	('15622903', 'No', '0', 'No', '0'),
	('15754922', 'No', '0', 'No', '0'),
	('15754311', 'No', '0', 'No', '0'),
	('15756979', 'No', '0', 'No', '0'),
	('12352023', 'No', '0', 'No', '0'),
	('84570604', 'No', '0', 'No', '0'),
	('15920086', 'No', '0', 'No', '0'),
	('15920291', 'No', '0', 'No', '0'),
	('15921593', 'No', '0', 'No', '0'),
	('16020374', 'No', '0', 'No', '0'),
	('16285988', 'No', '0', 'No', '0'),
	('16377291', 'No', '0', 'No', '0'),
	('16964770', 'No', '0', 'No', '0'),
	('17130729', 'No', '0', 'No', '0'),
	('17238348', 'No', '0', 'No', '0'),
	('17456574', 'No', '0', 'No', '0'),
	('13967486', 'No', '0', 'No', '0'),
	('13966054', 'No', '0', 'No', '0'),
	('10898072', 'No', '0', 'No', '0'),
	('11466224', 'No', '0', 'No', '0'),
	('13723698', 'No', '0', 'No', '0'),
	('11303172', 'No', '0', 'No', '0'),
	('11954144', 'No', '0', 'No', '0'),
	('14401340', 'No', '0', 'No', '0'),
	('13524109', 'No', '0', 'No', '0'),
	('17499585', 'No', '0', 'No', '0'),
	('17456954', 'No', '0', 'No', '0'),
	('16199115', 'No', '0', 'No', '0'),
	('17523454', 'No', '0', 'No', '0'),
	('17664938', 'No', '0', 'No', '0'),
	('18581024', 'No', '0', 'No', '0'),
	('18796815', 'No', '0', 'No', '0'),
	('18796996', 'No', '0', 'No', '0'),
	('19421996', 'No', '0', 'No', '0'),
	('81423693', 'No', '0', 'No', '0'),
	('9240195', 'No', '0', 'No', '0'),
	('14400356', 'No', '0', 'No', '0'),
	('3966127', 'No', '0', 'No', '0'),
	('6547603', 'No', '0', 'No', '0'),
	('7832738', 'No', '0', 'No', '0'),
	('9475173', 'No', '0', 'No', '0'),
	('9476031', 'No', '0', 'No', '0'),
	('14916156', 'No', '0', 'No', '0'),
	('13477378', 'No', '0', 'No', '0'),
	('14917178', 'No', '0', 'No', '0'),
	('7509507', 'No', '0', 'No', '0'),
	('11960173', 'No', '0', 'No', '0'),
	('13648603', 'No', '0', 'No', '0'),
	('8047120', 'No', '0', 'No', '0'),
	('5655983', 'No', '0', 'No', '0'),
	('12722185', 'No', '0', 'No', '0');

insert into pertenece values
	('2', '222222'),
	('5', '2149217'),
	('4', '2287821'),
	('1', '3048184'),
	('2', '3048184'),
	('1', '3485766'),
	('8', '3661985'),
	('4', '3692342'),
	('1', '3727339'),
	('2', '3767311'),
	('5', '3767311'),
	('2', '3791326'),
	('5', '3791326'),
	('1', '3791326'),
	('1', '3830917'),
	('6', '3910823'),
	('7', '3939687'),
	('2', '3990590'),
	('7', '3992405'),
	('1', '4194292'),
	('2', '4194292'),
	('6', '4319574'),
	('1', '4327492'),
	('2', '4327492'),
	('2', '4353143'),
	('8', '4356042'),
	('1', '4397227'),
	('2', '4472778'),
	('2', '4488065'),
	('7', '4488420'),
	('6', '4489957'),
	('7', '4489957'),
	('4', '4489957'),
	('5', '4490481'),
	('1', '4492233'),
	('2', '4492233'),
	('1', '4492356'),
	('2', '4583431'),
	('1', '4633259'),
	('8', '4768948'),
	('5', '4769890'),
	('1', '4769890'),
	('2', '4769890'),
	('1', '4953940'),
	('1', '5021210'),
	('2', '5021210'),
	('5', '5021210'),
	('2', '5201622'),
	('1', '5206267'),
	('6', '5206372'),
	('4', '5355610'),
	('7', '5355610'),
	('6', '5447146'),
	('4', '5447146'),
	('1', '5466076'),
	('7', '5507269'),
	('2', '5559793'),
	('1', '5561396'),
	('7', '5740339'),
	('1', '5753564'),
	('4', '5753564'),
	('7', '5794416'),
	('4', '5794416'),
	('2', '5863317'),
	('1', '5952723'),
	('1', '6558454'),
	('1', '6940439'),
	('2', '6940439'),
	('1', '7080727'),
	('5', '7080727'),
	('1', '7326064'),
	('6', '7525829'),
	('7', '7648734'),
	('1', '7648734'),
	('1', '7775026'),
	('1', '7824945'),
	('1', '8000617'),
	('2', '8002316'),
	('6', '8002737'),
	('2', '8004161'),
	('1', '8005159'),
	('2', '8006388'),
	('5', '8012641'),
	('1', '8019784'),
	('2', '8019784'),
	('6', '8019784'),
	('2', '8020758'),
	('7', '8021306'),
	('4', '8021736'),
	('2', '8021736'),
	('8', '8021736'),
	('8', '8021842'),
	('6', '8022671'),
	('4', '8022671'),
	('2', '8024531'),
	('2', '8025750'),
	('5', '8025750'),
	('2', '8026122'),
	('5', '8026122'),
	('2', '8026155'),
	('2', '8027408'),
	('1', '8029045'),
	('5', '8029045'),
	('2', '8029696'),
	('2', '8031064'),
	('5', '8031064'),
	('2', '8032732'),
	('5', '8034029'),
	('2', '8034029'),
	('1', '8034300'),
	('5', '8034371'),
	('1', '8034371'),
	('1', '8035484'),
	('4', '8037619'),
	('5', '8038332'),
	('2', '8038332'),
	('1', '8038611'),
	('5', '8039294'),
	('1', '8039463'),
	('7', '8039498'),
	('5', '8039498'),
	('2', '8040787'),
	('4', '8040787'),
	('4', '8041510'),
	('2', '8041620'),
	('4', '8042559'),
	('7', '8044768'),
	('4', '8044768'),
	('2', '8045258'),
	('2', '8045307'),
	('5', '8045307'),
	('7', '8046408'),
	('1', '8046659'),
	('7', '8048794'),
	('1', '8079222'),
	('1', '8080375'),
	('2', '8080375'),
	('2', '8080676'),
	('2', '8087415'),
	('5', '8331149'),
	('4', '8336414'),
	('7', '8656400'),
	('4', '8656400'),
	('4', '8683060'),
	('4', '3966127'),
	('3', '6547603'),
	('4', '6547603'),
	('3', '4054457'),
	('2', '4054457'),
	('1', '4054457'),
	('2', '4491607'),
	('3', '4491607'),
	('3', '5124273'),
	('3', '7832738'),
	('4', '7934845'),
	('3', '7934845'),
	('3', '8002183'),
	('3', '8006639'),
	('4', '8006639'),
	('1', '8006639'),
	('2', '8006639'),
	('7', '8006639'),
	('5', '8006639'),
	('3', '8084432'),
	('5', '8720054'),
	('5', '8958864'),
	('4', '8958864'),
	('7', '9028433'),
	('4', '9028433'),
	('2', '9198636'),
	('1', '9198636'),
	('4', '9234597'),
	('4', '9472514'),
	('5', '9473151'),
	('3', '8028204'),
	('3', '8027793'),
	('3', '7168412'),
	('3', '4491973'),
	('1', '3574698'),
	('3', '6953950'),
	('3', '8044725'),
	('3', '5239250'),
	('3', '7509507'),
	('3', '8029075'),
	('2', '4484976'),
	('3', '4484976'),
	('5', '9473374'),
	('2', '9473374'),
	('4', '9473423'),
	('2', '9473423'),
	('1', '9473567'),
	('8', '9473852'),
	('7', '9476268'),
	('1', '9478674'),
	('1', '9501330'),
	('4', '9906067'),
	('2', '9906067'),
	('1', '9906615'),
	('6', '10092487'),
	('5', '10092487'),
	('2', '10092487'),
	('4', '10100205'),
	('1', '10102108'),
	('6', '10102259'),
	('2', '10102454'),
	('5', '10108950'),
	('8', '10109087'),
	('4', '10314511'),
	('2', '10712408'),
	('2', '10713529'),
	('6', '10714070'),
	('7', '10715404'),
	('1', '10718091'),
	('7', '10718224'),
	('4', '10718224'),
	('1', '10718224'),
	('4', '10718393'),
	('4', '10720364'),
	('5', '10720364'),
	('1', '10720364'),
	('5', '10797122'),
	('7', '11067484'),
	('7', '11108398'),
	('4', '11108398'),
	('2', '11319364'),
	('4', '11460000'),
	('6', '11460000'),
	('2', '11460813'),
	('6', '11462979'),
	('1', '11462979'),
	('7', '11463296'),
	('7', '11465653'),
	('4', '11467397'),
	('5', '11467713'),
	('5', '11468201'),
	('6', '11783461'),
	('4', '11912316'),
	('2', '11952770'),
	('4', '11952770'),
	('5', '11959505'),
	('4', '12048353'),
	('7', '12346208'),
	('1', '12353031'),
	('2', '12458260'),
	('4', '12776731'),
	('7', '12776731'),
	('5', '12776731'),
	('5', '12779069'),
	('2', '12779975'),
	('4', '12817844'),
	('6', '13013152'),
	('2', '13014707'),
	('2', '13098188'),
	('5', '13098422'),
	('2', '13098422'),
	('5', '13098763'),
	('2', '13098763'),
	('1', '13098948'),
	('4', '13099384'),
	('2', '13099384'),
	('1', '13099384'),
	('5', '13524820'),
	('1', '13524820'),
	('4', '13525905'),
	('1', '13649962'),
	('2', '13803490'),
	('8', '13966605'),
	('7', '14267080'),
	('4', '14267080'),
	('7', '14267842'),
	('2', '14400087'),
	('2', '14589222'),
	('7', '14700296'),
	('5', '14839454'),
	('1', '14917365'),
	('1', '15142314'),
	('4', '15175795'),
	('2', '14400356'),
	('1', '15223533'),
	('4', '15381185'),
	('2', '15516303'),
	('1', '15516303'),
	('4', '15516332'),
	('4', '15565857'),
	('5', '15622903'),
	('1', '15754311'),
	('2', '15754311'),
	('7', '15754922'),
	('5', '15756979'),
	('7', '15920086'),
	('4', '15920086'),
	('4', '15920291'),
	('7', '15920291'),
	('2', '15921593'),
	('2', '16020374'),
	('2', '16199115'),
	('1', '16199115'),
	('6', '16285988'),
	('1', '16285988'),
	('2', '16377291'),
	('4', '16964770'),
	('7', '16964770'),
	('7', '17130729'),
	('8', '17238348'),
	('1', '17456574'),
	('2', '17456954'),
	('5', '17456954'),
	('1', '17456954'),
	('2', '17499585'),
	('4', '17523454'),
	('5', '17664938'),
	('3', '14268612'),
	('3', '9474147'),
	('4', '9475173'),
	('3', '9475173'),
	('3', '9476031'),
	('2', '10087275'),
	('5', '10087275'),
	('3', '10087275'),
	('3', '10104966'),
	('4', '10104966'),
	('1', '10104966'),
	('3', '11705856'),
	('4', '11705856'),
	('3', '12722185'),
	('7', '18581024'),
	('4', '18581024'),
	('2', '18796815'),
	('5', '18796996'),
	('2', '18796996'),
	('8', '19421996'),
	('2', '81423693'),
	('2', '9240195'),
	('8', '3966127'),
	('3', '3966127'),
	('3', '5655983'),
	('3', '8047120'),
	('3', '13966054'),
	('3', '14917178'),
	('3', '10256095'),
	('1', '9499979'),
	('4', '9499979'),
	('3', '9499979'),
	('3', '10898072'),
	('3', '11960173'),
	('3', '9389944'),
	('3', '11303172'),
	('1', '9389944'),
	('3', '11956576'),
	('4', '11956576'),
	('3', '13014569'),
	('3', '13648603'),
	('3', '13524109'),
	('1', '13524109'),
	('4', '13524109'),
	('3', '13967486'),
	('3', '15296169'),
	('3', '13723698'),
	('3', '9201868'),
	('3', '11954144'),
	('3', '14401340'),
	('3', '11466224'),
	('3', '19096583'),
	('3', '13477378'),
	('3', '11957795'),
	('3', '17027780'),
	('3', '17663839'),
	('1', '84570604'),
	('2', '12352023'),
	('2', '14916156'),
	('1', '14916156');